{"ppb_form_data_order":["1510296272597,1510302829448,1510303156717,1510303335775,1510303439535"],"1510296272597_data":["{\"id\":\"1510296272597\",\"shortcode\":\"ppb_revslider\",\"ppb_revslider_title\":\"Slider\",\"ppb_revslider_slug\":\"\",\"ppb_revslider_slider_id\":\"home3-slider\",\"ppb_revslider_display\":\"normal\"}"],"1510296272597_size":["one"],"1510302829448_data":["{\"id\":\"1510302829448\",\"shortcode\":\"ppb_image_half_fixed_width\",\"ppb_image_half_fixed_width_title\":\"Sarah%20Mcconnor\",\"ppb_image_half_fixed_width_slug\":\"\",\"ppb_image_half_fixed_width_image\":\"http:\/\/themes.themegoods.com\/photography\/demo4\/wp-content\/uploads\/2017\/11\/caique-silva-341076.jpg\",\"ppb_image_half_fixed_width_align\":\"right\",\"ppb_image_half_fixed_width_padding\":\"70\",\"ppb_image_half_fixed_width_bgcolor\":\"\",\"ppb_image_half_fixed_width_fontcolor\":\"\",\"ppb_image_half_fixed_width_lightbox\":\"0\",\"ppb_image_half_fixed_width_custom_css\":\"\",\"ppb_image_half_fixed_width_content\":\"%3Ch2%20class=%22ppb_title%22%3ESarah%20Mcconnor%3C\/h2%3E%0A%0A%3Cdiv%20style=%22margin-top:20px%22%3E%0ASed%20ut%20perspiciatis%20unde%20omnis%20iste%20natus%20error%20sit%20voluptatem%20accusantium%20doloremque%20laudantium,%20totam%20rem%20aperiam,%20eaque%20ipsa%20quae%20ab%20illo%20inventore%20veritatis%20et%20quasi%20architecto%20beatae%20vitae%20dicta%20sunt%20explicabo.%20Nemo%20enim%20ipsam%20voluptatem%20quia%20voluptas%20sit%20aspernatur%20aut%20odit%20aut%20fugit.%20Vivamus%20at%20nibh%20tincidunt,%20bibendum%20ligula%20id.%0A%0AVivamus%20at%20nibh%20tincidunt,%20bibendum%20ligula%20id.%20Nemo%20enim%20ipsam%20voluptatem%20quiatotam%20rem%20aperiam,%20eaque%20ipsa%20quae%20ab%20illo%20inventore%20veritatis%20et%20quasi%20architecto%20beatae%20vitae%20dicta%20sunt%20explicabo.%20Nemo%20enim%20ipsam%20voluptatem%20quia%20voluptas%20sit%20aspernatur%20aut%20odit%20aut%20fugit.%0A%3C\/div%3E%0A%0A%3Cdiv%20style=%22margin-top:20px;%22%3E%0A%09%3Cspan%20style=%22text-transform:uppercase;font-size:13px;%22%3EWrite%20Us%3C\/span%3E%0A%09%3Ca%20href=%22mailto:sarahconnor@photography.com%22%3E%3Cstrong%3Esarahconnor@photography.com%3C\/strong%3E%3C\/a%3E%0A%3C\/div%3E%0A%0A%3Cdiv%20style=%22margin-top:20px;%22%3E%0A%09%3Cspan%20style=%22text-transform:uppercase;font-size:13px;%22%3ECall%20Us%3C\/span%3E%0A%09%3Ca%20href=%22tel:+453%20567%20788%2034%22%3E%3Cstrong%3E+453%20567%20788%2034%3C\/strong%3E%3C\/a%3E%0A%3C\/div%3E%0A%0A%3Cdiv%20style=%22margin-top:40px%22%3E%0A%3Cimg%20src=%22http:\/\/themes.themegoods.com\/photography\/demo4\/wp-content\/uploads\/2017\/11\/signature.png%22%20alt=%22%22%20width=%22269%22%20height=%2228%22%20class=%22alignnone%20size-full%20wp-image-344%22%20\/%3E%0A%3C\/div%3E\"}"],"1510302829448_size":["one"],"1510303156717_data":["{\"id\":\"1510303156717\",\"shortcode\":\"ppb_header_image\",\"ppb_header_image_title\":\"Blog\",\"ppb_header_image_slug\":\"\",\"ppb_header_image_subtitle\":\"\",\"ppb_header_image_width\":\"100%25\",\"ppb_header_image_textalign\":\"center\",\"ppb_header_image_background\":\"http:\/\/themes.themegoods.com\/photography\/demo4\/wp-content\/uploads\/2017\/10\/ashim-d-silva-162286.jpg\",\"ppb_header_image_background_position\":\"top\",\"ppb_header_image_padding\":\"300\",\"ppb_header_image_fontcolor\":\"#ffffff\",\"ppb_header_image_display_gradient\":\"1\",\"ppb_header_image_custom_css\":\"\",\"ppb_header_image_content\":\"Professional%20Photographer.%20I%20capture%20happiness\"}"],"1510303156717_size":["one"],"1510303335775_data":["{\"id\":\"1510303335775\",\"shortcode\":\"ppb_blog_grid\",\"ppb_blog_grid_title\":\"Blog%20Grid\",\"ppb_blog_grid_slug\":\"\",\"ppb_blog_grid_cat\":\"\",\"ppb_blog_grid_items\":\"6\",\"ppb_blog_grid_padding\":\"0\",\"ppb_blog_grid_link_title\":\"\",\"ppb_blog_grid_link_url\":\"\",\"ppb_blog_grid_custom_css\":\"\"}"],"1510303335775_size":["one"],"1510303439535_data":["{\"id\":\"1510303439535\",\"shortcode\":\"ppb_header_image\",\"ppb_header_image_title\":\"Like%20What%20You%20Saw?\",\"ppb_header_image_slug\":\"\",\"ppb_header_image_subtitle\":\"\",\"ppb_header_image_width\":\"100%25\",\"ppb_header_image_textalign\":\"center\",\"ppb_header_image_background\":\"http:\/\/themes.themegoods.com\/photography\/demo4\/wp-content\/uploads\/2017\/10\/jonatan-pie-234237.jpg\",\"ppb_header_image_background_position\":\"top\",\"ppb_header_image_padding\":\"270\",\"ppb_header_image_fontcolor\":\"#ffffff\",\"ppb_header_image_display_gradient\":\"0\",\"ppb_header_image_custom_css\":\"\",\"ppb_header_image_content\":\"Passion%20for%20progress%20and%20joy%20of%20a%20good%20work%20and%20a%20positive%20feedback.%0A%3Cdiv%20style=%22margin-top:%2040px;%22%3E%3Ca%20class=%22button%20ghost%22%20href=%22http:\/\/themes.themegoods.com\/photography\/demo4\/pages\/contact-3\/%22%20style=%22color:#fff;border-color:#fff;%22%3EContact%20Us%3C\/a%3E%3C\/div%3E\"}"],"1510303439535_size":["one"]}