{"ppb_form_data_order":["1510304027224,1510303855546"],"1510304027224_data":["{\"id\":\"1510304027224\",\"shortcode\":\"ppb_image_fullwidth\",\"ppb_image_fullwidth_title\":\"Cover%20Image\",\"ppb_image_fullwidth_slug\":\"\",\"ppb_image_fullwidth_image\":\"http:\/\/themes.themegoods.com\/photography\/demo4\/wp-content\/uploads\/2017\/11\/camera-photographer-inspiration-journey-style-P3TPN9C.jpg\",\"ppb_image_fullwidth_height\":\"700\",\"ppb_image_fullwidth_background_position\":\"center\",\"ppb_image_fullwidth_display_caption\":\"0\",\"ppb_image_fullwidth_display_gradient\":\"0\",\"ppb_image_fullwidth_padding\":\"0\",\"ppb_image_fullwidth_custom_css\":\"\"}"],"1510304027224_size":["one"],"1510303855546_data":["{\"id\":\"1510303855546\",\"shortcode\":\"ppb_contact_map\",\"ppb_contact_map_title\":\"Contact%20Us\",\"ppb_contact_map_slug\":\"\",\"ppb_contact_map_subtitle\":\"\",\"ppb_contact_map_type\":\"\",\"ppb_contact_map_lat\":\"51.508823\",\"ppb_contact_map_long\":\"-0.127802\",\"ppb_contact_map_zoom\":\"12\",\"ppb_contact_map_popup\":\"\",\"ppb_contact_map_marker\":\"\",\"ppb_contact_map_bgcolor\":\"\",\"ppb_contact_map_fontcolor\":\"\",\"ppb_contact_map_buttonbgcolor\":\"\",\"ppb_contact_map_custom_css\":\"\",\"ppb_contact_map_content\":\"%5Bone_half%5D%0A%3Cdiv%3E%0A%09%3Cspan%20style=%22text-transform:uppercase;font-size:13px;%22%3EWrite%20Us%3C\/span%3E%0A%09%3Ca%20href=%22mailto:sarahconnor@photography.com%22%3E%3Cstrong%3Esarahconnor@photography.com%3C\/strong%3E%3C\/a%3E%0A%3C\/div%3E%0A%0A%3Cdiv%20style=%22margin-top:20px;%22%3E%0A%09%3Cspan%20style=%22text-transform:uppercase;font-size:13px;%22%3ECall%20Us%3C\/span%3E%0A%09%3Ca%20href=%22tel:+453%20567%20788%2034%22%3E%3Cstrong%3E+453%20567%20788%2034%3C\/strong%3E%3C\/a%3E%0A%3C\/div%3E%0A%5B\/one_half%5D%0A%5Bone_half_last%5D%0A%3Cdiv%3E%0A%09%3Cspan%20style=%22text-transform:uppercase;font-size:13px;%22%3EVisit%20Us%3C\/span%3E%0A%09%3Cstrong%3E732\/21%20Second%20Street,%20Manchester,%3Cbr\/%3EKing%20Street,Kingston%20United%20Kingdom%3C\/strong%3E%0A%3C\/div%3E%0A%5B\/one_half_last%5D\"}"],"1510303855546_size":["one"]}