{"ppb_form_data_order":["1510306786545,1510632136658,1510306846160"],"1510306786545_data":["{\"id\":\"1510306786545\",\"shortcode\":\"ppb_header_image\",\"ppb_header_image_title\":\"James%20Thomas\",\"ppb_header_image_slug\":\"\",\"ppb_header_image_subtitle\":\"\",\"ppb_header_image_width\":\"60%25\",\"ppb_header_image_textalign\":\"left\",\"ppb_header_image_background\":\"http:\/\/themes.themegoods.com\/photography\/demo4\/wp-content\/uploads\/2017\/10\/w_65-1.jpg\",\"ppb_header_image_background_position\":\"top\",\"ppb_header_image_padding\":\"270\",\"ppb_header_image_fontcolor\":\"#ffffff\",\"ppb_header_image_display_gradient\":\"0\",\"ppb_header_image_custom_css\":\"\",\"ppb_header_image_content\":\"Passion%20for%20progress%20and%20joy%20of%20a%20good%20work%20and%20a%20positive%20feedback.\"}"],"1510306786545_size":["one"],"1510632136658_data":["{\"id\":1510632136658,\"shortcode\":\"ppb_divider\",\"ppb_text_title\":\"Paragraph Break\",\"ppb_text_content\":\"\",\"ppb_header_content\":\"\"}"],"1510632136658_size":["one"],"1510306846160_data":["{\"id\":\"1510306846160\",\"shortcode\":\"ppb_portfolio_mixed_grid2\",\"ppb_portfolio_mixed_grid2_title\":\"Portfolio%20Mixed%20Grid\",\"ppb_portfolio_mixed_grid2_slug\":\"\",\"ppb_portfolio_mixed_grid2_filterable\":\"display\",\"ppb_portfolio_mixed_grid2_cat\":\"\",\"ppb_portfolio_mixed_grid2_layout\":\"contain\",\"ppb_portfolio_mixed_grid2_order\":\"default\",\"ppb_portfolio_mixed_grid2_items\":\"10\",\"ppb_portfolio_mixed_grid2_custom_css\":\"\"}"],"1510306846160_size":["one"]}