{"ppb_form_data_order":["1510632619128,1510464284230,1510465391237,1510465315827,1510465332758,1510465357835"],"1510632619128_data":["{\"id\":\"1510632619128\",\"shortcode\":\"ppb_header\",\"ppb_header_title\":\"Hello%20I%E2%80%99m%20John%20Mcconnor\",\"ppb_header_slug\":\"\",\"ppb_header_subtitle\":\"\",\"ppb_header_width\":\"60\",\"ppb_header_textalign\":\"center\",\"ppb_header_padding\":\"200\",\"ppb_header_bgcolor\":\"\",\"ppb_header_fontcolor\":\"\",\"ppb_header_custom_css\":\"\",\"ppb_header_content\":\"%3Cspan%20style=%22font-size:18px;%22%3EProfessional%20Photographer.%20I%20capture%20%3Cstrong%3Ehappiness%3C\/strong%3E%3C\/span%3E\"}"],"1510632619128_size":["one"],"1510464284230_data":["{\"id\":\"1510464284230\",\"shortcode\":\"ppb_gallery_masonry\",\"ppb_gallery_masonry_title\":\"Gallery%20Masonry\",\"ppb_gallery_masonry_slug\":\"\",\"ppb_gallery_masonry_gallery_id\":\"373\",\"ppb_gallery_masonry_layout\":\"wide\",\"ppb_gallery_masonry_columns\":\"4\",\"ppb_gallery_masonry_items\":\"0\"}"],"1510464284230_size":["one"],"1510465391237_data":["{\"id\":1510465391237,\"shortcode\":\"ppb_divider\",\"ppb_text_title\":\"Paragraph Break\",\"ppb_text_content\":\"\",\"ppb_header_content\":\"\"}"],"1510465391237_size":["one"],"1510465315827_data":["{\"id\":\"1510465315827\",\"shortcode\":\"ppb_text\",\"ppb_text_title\":\"We've%20done%20it%20for%20folks%20big%20and%20small\",\"ppb_text_slug\":\"\",\"ppb_text_width\":\"100%25\",\"ppb_text_padding\":\"60\",\"ppb_text_bgcolor\":\"\",\"ppb_text_fontcolor\":\"\",\"ppb_text_custom_css\":\"text-align:center;\",\"ppb_text_content\":\"%3Ch2%3EWe've%20done%20it%20for%20folks%20big%20and%20small%3C\/h2%3E\"}"],"1510465315827_size":["one"],"1510465332758_data":["{\"id\":\"1510465332758\",\"shortcode\":\"ppb_client_column\",\"ppb_client_column_title\":\"Client%20Logo\",\"ppb_client_column_slug\":\"\",\"ppb_client_column_image1\":\"http:\/\/themes.themegoods.com\/photography\/demo4\/wp-content\/uploads\/2017\/11\/s-automattic.png\",\"ppb_client_column_image2\":\"http:\/\/themes.themegoods.com\/photography\/demo4\/wp-content\/uploads\/2017\/11\/s-commondesk.png\",\"ppb_client_column_image3\":\"http:\/\/themes.themegoods.com\/photography\/demo4\/wp-content\/uploads\/2017\/11\/s-dan.png\",\"ppb_client_column_image4\":\"http:\/\/themes.themegoods.com\/photography\/demo4\/wp-content\/uploads\/2017\/11\/s-flywheel.png\",\"ppb_client_column_image5\":\"http:\/\/themes.themegoods.com\/photography\/demo4\/wp-content\/uploads\/2017\/11\/s-lemieux.png\",\"ppb_client_column_custom_css\":\"\"}"],"1510465332758_size":["one"],"1510465357835_data":["{\"id\":\"1510465357835\",\"shortcode\":\"ppb_client_column\",\"ppb_client_column_title\":\"Client%20Logo\",\"ppb_client_column_slug\":\"\",\"ppb_client_column_image1\":\"http:\/\/themes.themegoods.com\/photography\/demo4\/wp-content\/uploads\/2017\/11\/s-weebly.png\",\"ppb_client_column_image2\":\"http:\/\/themes.themegoods.com\/photography\/demo4\/wp-content\/uploads\/2017\/11\/s-squarespace.png\",\"ppb_client_column_image3\":\"http:\/\/themes.themegoods.com\/photography\/demo4\/wp-content\/uploads\/2017\/11\/s-moo.png\",\"ppb_client_column_image4\":\"http:\/\/themes.themegoods.com\/photography\/demo4\/wp-content\/uploads\/2017\/11\/s-lyft.png\",\"ppb_client_column_image5\":\"http:\/\/themes.themegoods.com\/photography\/demo4\/wp-content\/uploads\/2017\/11\/s-mailchimp.png\",\"ppb_client_column_custom_css\":\"\"}"],"1510465357835_size":["one"]}