{"ppb_form_data_order":["1510466030169,1510466070928,1510466506017,1510467222395,1510467461766,1510467484321,1510467582772,1510467654853,1510467676705,1510632863212,1510632876904,1510467718157"],"1510466030169_data":["{\"id\":\"1510466030169\",\"shortcode\":\"ppb_header_image\",\"ppb_header_image_title\":\"John%20%20Mconnor\",\"ppb_header_image_slug\":\"\",\"ppb_header_image_subtitle\":\"\",\"ppb_header_image_width\":\"100%25\",\"ppb_header_image_textalign\":\"left\",\"ppb_header_image_background\":\"http:\/\/themes.themegoods.com\/photography\/demo4\/wp-content\/uploads\/2017\/10\/angel-jimenez-168185.jpg\",\"ppb_header_image_background_position\":\"top\",\"ppb_header_image_padding\":\"300\",\"ppb_header_image_fontcolor\":\"#ffffff\",\"ppb_header_image_display_gradient\":\"0\",\"ppb_header_image_custom_css\":\"\",\"ppb_header_image_content\":\"Singer%20&%20Photographer\"}"],"1510466030169_size":["one"],"1510466070928_data":["{\"id\":\"1510466070928\",\"shortcode\":\"ppb_text\",\"ppb_text_title\":\"I%E2%80%99m%20a%20graphic%20designer...\",\"ppb_text_slug\":\"\",\"ppb_text_width\":\"80%25\",\"ppb_text_padding\":\"60\",\"ppb_text_bgcolor\":\"\",\"ppb_text_fontcolor\":\"\",\"ppb_text_custom_css\":\"\",\"ppb_text_content\":\"%3Ch4%3EI%E2%80%99m%20a%20graphic%20designer%20and%20I%20make%20things%20work.%20I%20move%20from%20digital%20to%20physical,%20from%20bits%20to%20atoms,%20and%20back%20again%20because%20I%20believe%20in%20doing%20%3Cspan%20style=%22color:#9013FE;%22%3Ea%20diverse%20range%20of%20work.%3C\/span%3E%20In%20both%20cases,%20the%20stranded%20whales%20to%20which%20these%20two%20skeletons%20belonged,%20were%20originally%20claimed%20by%20their%20proprietors%20upon%20similar%20grounds.%3C\/h4%3E\"}"],"1510466070928_size":["one"],"1510466506017_data":["{\"id\":\"1510466506017\",\"shortcode\":\"ppb_content_bg\",\"ppb_content_bg_title\":\"Stock%20Photos\",\"ppb_content_bg_slug\":\"\",\"ppb_content_bg_subtitle\":\"Meh%20synth%20Schlitz,%20tempor%20duis%20single-origin%20coffee%20ea%20next%20level%20ethnic%20fingerstache%20fanny%20pack%20nostrud.%20Banksy,%20elit%20small%20batch%20freegan%20sed.\",\"ppb_content_bg_height\":\"600\",\"ppb_content_bg_background\":\"http:\/\/themes.themegoods.com\/photography\/demo4\/wp-content\/uploads\/2017\/10\/ashim-d-silva-162286.jpg\",\"ppb_content_bg_background_position\":\"center\",\"ppb_content_bg_padding\":\"30\",\"ppb_content_bg_bgcolor\":\"#000000\",\"ppb_content_bg_opacity\":\"30\",\"ppb_content_bg_fontcolor\":\"#ffffff\",\"ppb_content_bg_text_align\":\"left\",\"ppb_content_bg_custom_css\":\"\"}"],"1510466506017_size":["one_half"],"1510467222395_data":["{\"id\":\"1510467222395\",\"shortcode\":\"ppb_content_bg\",\"ppb_content_bg_title\":\"Portrait\",\"ppb_content_bg_slug\":\"\",\"ppb_content_bg_subtitle\":\"Et%20leggings%20fanny%20pack,%20elit%20bespoke%20vinyl%20art%20party%20Pitchfork%20selfies%20master%20cleanse%20Kickstarter%20seitan%20retro%20our%20loko%20tempor%20duis%20single-origin.\",\"ppb_content_bg_height\":\"600\",\"ppb_content_bg_background\":\"http:\/\/themes.themegoods.com\/photography\/demo4\/wp-content\/uploads\/2017\/10\/averie-woodard-319828.jpg\",\"ppb_content_bg_background_position\":\"center\",\"ppb_content_bg_padding\":\"30\",\"ppb_content_bg_bgcolor\":\"#000000\",\"ppb_content_bg_opacity\":\"30\",\"ppb_content_bg_fontcolor\":\"#ffffff\",\"ppb_content_bg_text_align\":\"right\",\"ppb_content_bg_custom_css\":\"\"}"],"1510467222395_size":["one_half last"],"1510467461766_data":["{\"id\":\"1510467461766\",\"shortcode\":\"ppb_content_bg\",\"ppb_content_bg_title\":\"Fasion\",\"ppb_content_bg_slug\":\"\",\"ppb_content_bg_subtitle\":\"Et%20leggings%20fanny%20pack,%20elit%20bespoke%20vinyl%20art%20party%20Pitchfork%20selfies%20master%20cleanse%20Kickstarter%20seitan%20retro%20our%20loko%20tempor%20duis%20single-origin.\",\"ppb_content_bg_height\":\"600\",\"ppb_content_bg_background\":\"http:\/\/themes.themegoods.com\/photography\/demo4\/wp-content\/uploads\/2017\/11\/sam-burriss-285038.jpg\",\"ppb_content_bg_background_position\":\"center\",\"ppb_content_bg_padding\":\"30\",\"ppb_content_bg_bgcolor\":\"#000000\",\"ppb_content_bg_opacity\":\"30\",\"ppb_content_bg_fontcolor\":\"#ffffff\",\"ppb_content_bg_text_align\":\"left\",\"ppb_content_bg_custom_css\":\"\"}"],"1510467461766_size":["one_half"],"1510467484321_data":["{\"id\":\"1510467484321\",\"shortcode\":\"ppb_content_bg\",\"ppb_content_bg_title\":\"Wedding\",\"ppb_content_bg_slug\":\"\",\"ppb_content_bg_subtitle\":\"Et%20leggings%20fanny%20pack,%20elit%20bespoke%20vinyl%20art%20party%20Pitchfork%20selfies%20master%20cleanse%20Kickstarter%20seitan%20retro%20our%20loko%20tempor%20duis%20single-origin.\",\"ppb_content_bg_height\":\"600\",\"ppb_content_bg_background\":\"http:\/\/themes.themegoods.com\/photography\/demo4\/wp-content\/uploads\/2017\/11\/wu-yi-171016.jpg\",\"ppb_content_bg_background_position\":\"center\",\"ppb_content_bg_padding\":\"30\",\"ppb_content_bg_bgcolor\":\"#000000\",\"ppb_content_bg_opacity\":\"30\",\"ppb_content_bg_fontcolor\":\"#ffffff\",\"ppb_content_bg_text_align\":\"right\",\"ppb_content_bg_custom_css\":\"\"}"],"1510467484321_size":["one_half last"],"1510467582772_data":["{\"id\":\"1510467582772\",\"shortcode\":\"ppb_text\",\"ppb_text_title\":\"Our%20Clients\",\"ppb_text_slug\":\"\",\"ppb_text_width\":\"80%25\",\"ppb_text_padding\":\"60\",\"ppb_text_bgcolor\":\"\",\"ppb_text_fontcolor\":\"\",\"ppb_text_custom_css\":\"\",\"ppb_text_content\":\"%3Cspan%20style=%22text-transform:uppercase;font-size:13px;%22%3EOur%20Clients%3C\/span%3E%0A%0A%3Cdiv%20style=%22margin-top:20px%22%3E%0A%3Ch4%3EIn%20both%20cases,%20the%20stranded%20whales%20to%20which%20these%20two%20skeletons%20belonged,%20were%20originally%20claimed%20by%20their%20proprietors%20upon%20similar%20grounds.%3C\/h4%3E%0A%3C\/div%3E\"}"],"1510467582772_size":["one"],"1510467654853_data":["{\"id\":\"1510467654853\",\"shortcode\":\"ppb_client_column\",\"ppb_client_column_title\":\"Client%20Logo\",\"ppb_client_column_slug\":\"\",\"ppb_client_column_image1\":\"http:\/\/themes.themegoods.com\/photography\/demo4\/wp-content\/uploads\/2017\/11\/s-automattic.png\",\"ppb_client_column_image2\":\"http:\/\/themes.themegoods.com\/photography\/demo4\/wp-content\/uploads\/2017\/11\/s-commondesk.png\",\"ppb_client_column_image3\":\"http:\/\/themes.themegoods.com\/photography\/demo4\/wp-content\/uploads\/2017\/11\/s-dan.png\",\"ppb_client_column_image4\":\"http:\/\/themes.themegoods.com\/photography\/demo4\/wp-content\/uploads\/2017\/11\/s-flywheel.png\",\"ppb_client_column_image5\":\"http:\/\/themes.themegoods.com\/photography\/demo4\/wp-content\/uploads\/2017\/11\/s-lemieux.png\",\"ppb_client_column_custom_css\":\"\"}"],"1510467654853_size":["one"],"1510467676705_data":["{\"id\":\"1510467676705\",\"shortcode\":\"ppb_client_column\",\"ppb_client_column_title\":\"Client%20Logo\",\"ppb_client_column_slug\":\"\",\"ppb_client_column_image1\":\"http:\/\/themes.themegoods.com\/photography\/demo4\/wp-content\/uploads\/2017\/11\/s-weebly.png\",\"ppb_client_column_image2\":\"http:\/\/themes.themegoods.com\/photography\/demo4\/wp-content\/uploads\/2017\/11\/s-squarespace.png\",\"ppb_client_column_image3\":\"http:\/\/themes.themegoods.com\/photography\/demo4\/wp-content\/uploads\/2017\/11\/s-moo.png\",\"ppb_client_column_image4\":\"http:\/\/themes.themegoods.com\/photography\/demo4\/wp-content\/uploads\/2017\/11\/s-lyft.png\",\"ppb_client_column_image5\":\"http:\/\/themes.themegoods.com\/photography\/demo4\/wp-content\/uploads\/2017\/11\/s-mailchimp.png\",\"ppb_client_column_custom_css\":\"\"}"],"1510467676705_size":["one"],"1510632863212_data":["{\"id\":1510632863212,\"shortcode\":\"ppb_divider\",\"ppb_text_title\":\"Paragraph Break\",\"ppb_text_content\":\"\",\"ppb_header_content\":\"\"}"],"1510632863212_size":["one"],"1510632876904_data":["{\"id\":1510632876904,\"shortcode\":\"ppb_divider\",\"ppb_text_title\":\"Paragraph Break\",\"ppb_text_content\":\"\",\"ppb_header_content\":\"\"}"],"1510632876904_size":["one"],"1510467718157_data":["{\"id\":\"1510467718157\",\"shortcode\":\"ppb_header_image\",\"ppb_header_image_title\":\"Book%20Photographers\",\"ppb_header_image_slug\":\"\",\"ppb_header_image_subtitle\":\"\",\"ppb_header_image_width\":\"60%25\",\"ppb_header_image_textalign\":\"left\",\"ppb_header_image_background\":\"http:\/\/themes.themegoods.com\/photography\/demo4\/wp-content\/uploads\/2017\/11\/h-heyerlein-199082.jpg\",\"ppb_header_image_background_position\":\"top\",\"ppb_header_image_padding\":\"300\",\"ppb_header_image_fontcolor\":\"#ffffff\",\"ppb_header_image_display_gradient\":\"0\",\"ppb_header_image_custom_css\":\"\",\"ppb_header_image_content\":\"Passion%20for%20progress%20and%20joy%20of%20a%20good%20work%20and%20a%20positive%20feedback.%0A%0A%3Cdiv%20style=%22margin-top:20px;%22%3E%0A%20%20%3Ca%20href=%22http:\/\/themes.themegoods.com\/photography\/demo4\/pages\/contact-3\/%22%20class=%22button%20ghost%22%20style=%22color:#fff;border-color:#fff;%22%3EContact%20Us%3C\/a%3E%0A%3C\/div%3E\"}"],"1510467718157_size":["one"]}