{"ppb_form_data_order":["1510466030169,1510546527466,1510466070928,1510466506017,1510467222395,1510467461766,1510467484321,1510467718157"],"1510466030169_data":["{\"id\":\"1510466030169\",\"shortcode\":\"ppb_header_image\",\"ppb_header_image_title\":\"We%20are%20Creative%20Agency\",\"ppb_header_image_slug\":\"\",\"ppb_header_image_subtitle\":\"\",\"ppb_header_image_width\":\"60%25\",\"ppb_header_image_textalign\":\"left\",\"ppb_header_image_background\":\"http:\/\/themes.themegoods.com\/photography\/demo4\/wp-content\/uploads\/2017\/11\/h-heyerlein-199082.jpg\",\"ppb_header_image_background_position\":\"top\",\"ppb_header_image_padding\":\"300\",\"ppb_header_image_fontcolor\":\"#ffffff\",\"ppb_header_image_display_gradient\":\"0\",\"ppb_header_image_custom_css\":\"\",\"ppb_header_image_content\":\"Passion%20for%20progress%20and%20joy%20of%20a%20good%20work%20and%20a%20positive%20feedback.\"}"],"1510466030169_size":["one"],"1510546527466_data":["{\"id\":\"1510546527466\",\"shortcode\":\"ppb_image_fullwidth\",\"ppb_image_fullwidth_title\":\"B&W%20Fullwidth%20Image\",\"ppb_image_fullwidth_slug\":\"\",\"ppb_image_fullwidth_image\":\"http:\/\/themes.themegoods.com\/photography\/demo4\/wp-content\/uploads\/2017\/11\/frederic-koberl-295364.jpg\",\"ppb_image_fullwidth_height\":\"700\",\"ppb_image_fullwidth_background_position\":\"top\",\"ppb_image_fullwidth_display_caption\":\"0\",\"ppb_image_fullwidth_display_gradient\":\"0\",\"ppb_image_fullwidth_padding\":\"0\",\"ppb_image_fullwidth_custom_css\":\"\"}"],"1510546527466_size":["one"],"1510466070928_data":["{\"id\":\"1510466070928\",\"shortcode\":\"ppb_text\",\"ppb_text_title\":\"Meaningful%20design...\",\"ppb_text_slug\":\"\",\"ppb_text_width\":\"60%25\",\"ppb_text_padding\":\"60\",\"ppb_text_bgcolor\":\"\",\"ppb_text_fontcolor\":\"\",\"ppb_text_custom_css\":\"text-align:center;\",\"ppb_text_content\":\"%3Cspan%20style=%22text-transform:uppercase;font-size:13px;%22%3EWhat%20We%20Do%3C\/span%3E%0A%0A%3Cdiv%20style=%22margin-top:10px;%22%3E%0A%3Ch3%3EMeaningful%20design%20that%20solves%20business%20problems,%20and%20connects%20with%20the%20heart.%3C\/h3%3E%0A%3C\/div%3E\"}"],"1510466070928_size":["one"],"1510466506017_data":["{\"id\":\"1510466506017\",\"shortcode\":\"ppb_content_bg\",\"ppb_content_bg_title\":\"Stock%20Photos\",\"ppb_content_bg_slug\":\"\",\"ppb_content_bg_subtitle\":\"Meh%20synth%20Schlitz,%20tempor%20duis%20single-origin%20coffee%20ea%20next%20level%20ethnic%20fingerstache%20fanny%20pack%20nostrud.%20Banksy,%20elit%20small%20batch%20freegan%20sed.\",\"ppb_content_bg_height\":\"600\",\"ppb_content_bg_background\":\"http:\/\/themes.themegoods.com\/photography\/demo4\/wp-content\/uploads\/2017\/10\/ashim-d-silva-162286.jpg\",\"ppb_content_bg_background_position\":\"center\",\"ppb_content_bg_padding\":\"30\",\"ppb_content_bg_bgcolor\":\"#000000\",\"ppb_content_bg_opacity\":\"30\",\"ppb_content_bg_fontcolor\":\"#ffffff\",\"ppb_content_bg_text_align\":\"left\",\"ppb_content_bg_custom_css\":\"\"}"],"1510466506017_size":["one_half"],"1510467222395_data":["{\"id\":\"1510467222395\",\"shortcode\":\"ppb_content_bg\",\"ppb_content_bg_title\":\"Portrait\",\"ppb_content_bg_slug\":\"\",\"ppb_content_bg_subtitle\":\"Et%20leggings%20fanny%20pack,%20elit%20bespoke%20vinyl%20art%20party%20Pitchfork%20selfies%20master%20cleanse%20Kickstarter%20seitan%20retro%20our%20loko%20tempor%20duis%20single-origin.\",\"ppb_content_bg_height\":\"600\",\"ppb_content_bg_background\":\"http:\/\/themes.themegoods.com\/photography\/demo4\/wp-content\/uploads\/2017\/10\/averie-woodard-319828.jpg\",\"ppb_content_bg_background_position\":\"center\",\"ppb_content_bg_padding\":\"30\",\"ppb_content_bg_bgcolor\":\"#000000\",\"ppb_content_bg_opacity\":\"30\",\"ppb_content_bg_fontcolor\":\"#ffffff\",\"ppb_content_bg_text_align\":\"right\",\"ppb_content_bg_custom_css\":\"\"}"],"1510467222395_size":["one_half last"],"1510467461766_data":["{\"id\":\"1510467461766\",\"shortcode\":\"ppb_content_bg\",\"ppb_content_bg_title\":\"Fasion\",\"ppb_content_bg_slug\":\"\",\"ppb_content_bg_subtitle\":\"Et%20leggings%20fanny%20pack,%20elit%20bespoke%20vinyl%20art%20party%20Pitchfork%20selfies%20master%20cleanse%20Kickstarter%20seitan%20retro%20our%20loko%20tempor%20duis%20single-origin.\",\"ppb_content_bg_height\":\"600\",\"ppb_content_bg_background\":\"http:\/\/themes.themegoods.com\/photography\/demo4\/wp-content\/uploads\/2017\/11\/sam-burriss-285038.jpg\",\"ppb_content_bg_background_position\":\"center\",\"ppb_content_bg_padding\":\"30\",\"ppb_content_bg_bgcolor\":\"#000000\",\"ppb_content_bg_opacity\":\"30\",\"ppb_content_bg_fontcolor\":\"#ffffff\",\"ppb_content_bg_text_align\":\"left\",\"ppb_content_bg_custom_css\":\"\"}"],"1510467461766_size":["one_half"],"1510467484321_data":["{\"id\":\"1510467484321\",\"shortcode\":\"ppb_content_bg\",\"ppb_content_bg_title\":\"Wedding\",\"ppb_content_bg_slug\":\"\",\"ppb_content_bg_subtitle\":\"Et%20leggings%20fanny%20pack,%20elit%20bespoke%20vinyl%20art%20party%20Pitchfork%20selfies%20master%20cleanse%20Kickstarter%20seitan%20retro%20our%20loko%20tempor%20duis%20single-origin.\",\"ppb_content_bg_height\":\"600\",\"ppb_content_bg_background\":\"http:\/\/themes.themegoods.com\/photography\/demo4\/wp-content\/uploads\/2017\/11\/wu-yi-171016.jpg\",\"ppb_content_bg_background_position\":\"center\",\"ppb_content_bg_padding\":\"30\",\"ppb_content_bg_bgcolor\":\"#000000\",\"ppb_content_bg_opacity\":\"30\",\"ppb_content_bg_fontcolor\":\"#ffffff\",\"ppb_content_bg_text_align\":\"right\",\"ppb_content_bg_custom_css\":\"\"}"],"1510467484321_size":["one_half last"],"1510467718157_data":["{\"id\":\"1510467718157\",\"shortcode\":\"ppb_header_image\",\"ppb_header_image_title\":\"Let%E2%80%99s%20Work%20Together\",\"ppb_header_image_slug\":\"\",\"ppb_header_image_subtitle\":\"\",\"ppb_header_image_width\":\"60%25\",\"ppb_header_image_textalign\":\"left\",\"ppb_header_image_background\":\"http:\/\/themes.themegoods.com\/photography\/demo4\/wp-content\/uploads\/2017\/10\/w_65-1.jpg\",\"ppb_header_image_background_position\":\"top\",\"ppb_header_image_padding\":\"300\",\"ppb_header_image_fontcolor\":\"#ffffff\",\"ppb_header_image_display_gradient\":\"0\",\"ppb_header_image_custom_css\":\"\",\"ppb_header_image_content\":\"Passion%20for%20progress%20and%20joy%20of%20a%20good%20work%20and%20a%20positive%20feedback.%0A%0A%3Cdiv%20style=%22margin-top:20px;%22%3E%0A%20%20%3Ca%20href=%22http:\/\/themes.themegoods.com\/photography\/demo4\/pages\/contact-3\/%22%20class=%22button%20ghost%22%3EContact%20Us%3C\/a%3E%0A%3C\/div%3E\"}"],"1510467718157_size":["one"]}