{"ppb_form_data_order":["1510546732613,1510546826698,1510547075731,1510547239084,1510547255915,1510547279585,1510547613819,1510547628151,1510547559716,1510547333473"],"1510546732613_data":["{\"id\":\"1510546732613\",\"shortcode\":\"ppb_image_fullwidth\",\"ppb_image_fullwidth_title\":\"Cover%20Image\",\"ppb_image_fullwidth_slug\":\"\",\"ppb_image_fullwidth_image\":\"http:\/\/themes.themegoods.com\/photography\/demo4\/wp-content\/uploads\/2017\/11\/adrian-226109.jpg\",\"ppb_image_fullwidth_height\":\"700\",\"ppb_image_fullwidth_background_position\":\"center\",\"ppb_image_fullwidth_display_caption\":\"0\",\"ppb_image_fullwidth_display_gradient\":\"0\",\"ppb_image_fullwidth_padding\":\"0\",\"ppb_image_fullwidth_custom_css\":\"\"}"],"1510546732613_size":["one"],"1510546826698_data":["{\"id\":\"1510546826698\",\"shortcode\":\"ppb_header_image\",\"ppb_header_image_title\":\"We%20are%20Design%20Agency\",\"ppb_header_image_slug\":\"\",\"ppb_header_image_subtitle\":\"\",\"ppb_header_image_width\":\"60%25\",\"ppb_header_image_textalign\":\"left\",\"ppb_header_image_background\":\"http:\/\/themes.themegoods.com\/photography\/demo4\/wp-content\/uploads\/2017\/11\/andhika-soreng-362793.jpg\",\"ppb_header_image_background_position\":\"top\",\"ppb_header_image_padding\":\"300\",\"ppb_header_image_fontcolor\":\"#ffffff\",\"ppb_header_image_display_gradient\":\"0\",\"ppb_header_image_custom_css\":\"\",\"ppb_header_image_content\":\"This%20is%20just%20a%20creative%20freestyle%20layout%20to%20show%20the%20flexibility%20and%20end-less%20solutions%20you%20can%20accomplish%20with%20Uncode%20Theme.\"}"],"1510546826698_size":["one"],"1510547075731_data":["{\"id\":\"1510547075731\",\"shortcode\":\"ppb_portfolio_mixed_grid\",\"ppb_portfolio_mixed_grid_title\":\"Portfolio%20Grid\",\"ppb_portfolio_mixed_grid_slug\":\"\",\"ppb_portfolio_mixed_grid_filterable\":\"hide\",\"ppb_portfolio_mixed_grid_cat\":\"\",\"ppb_portfolio_mixed_grid_layout\":\"wide\",\"ppb_portfolio_mixed_grid_order\":\"default\",\"ppb_portfolio_mixed_grid_items\":\"14\",\"ppb_portfolio_mixed_grid_custom_css\":\"\"}"],"1510547075731_size":["one"],"1510547239084_data":["{\"id\":\"1510547239084\",\"shortcode\":\"ppb_text\",\"ppb_text_title\":\"Our%20Clients\",\"ppb_text_slug\":\"\",\"ppb_text_width\":\"80%25\",\"ppb_text_padding\":\"60\",\"ppb_text_bgcolor\":\"\",\"ppb_text_fontcolor\":\"\",\"ppb_text_custom_css\":\"\",\"ppb_text_content\":\"%3Cspan%20style=%22text-transform:uppercase;font-size:13px;%22%3EOur%20Clients%3C\/span%3E%0A%0A%3Cdiv%20style=%22margin-top:20px%22%3E%0A%3Ch4%3EIn%20both%20cases,%20the%20stranded%20whales%20to%20which%20these%20two%20skeletons%20belonged,%20were%20originally%20claimed%20by%20their%20proprietors%20upon%20similar%20grounds.%3C\/h4%3E%0A%3C\/div%3E\"}"],"1510547239084_size":["one"],"1510547255915_data":["{\"id\":\"1510547255915\",\"shortcode\":\"ppb_client_column\",\"ppb_client_column_title\":\"Client%20Logo\",\"ppb_client_column_slug\":\"\",\"ppb_client_column_image1\":\"http:\/\/themes.themegoods.com\/photography\/demo4\/wp-content\/uploads\/2017\/11\/s-automattic.png\",\"ppb_client_column_image2\":\"http:\/\/themes.themegoods.com\/photography\/demo4\/wp-content\/uploads\/2017\/11\/s-commondesk.png\",\"ppb_client_column_image3\":\"http:\/\/themes.themegoods.com\/photography\/demo4\/wp-content\/uploads\/2017\/11\/s-dan.png\",\"ppb_client_column_image4\":\"http:\/\/themes.themegoods.com\/photography\/demo4\/wp-content\/uploads\/2017\/11\/s-flywheel.png\",\"ppb_client_column_image5\":\"http:\/\/themes.themegoods.com\/photography\/demo4\/wp-content\/uploads\/2017\/11\/s-lemieux.png\",\"ppb_client_column_custom_css\":\"\"}"],"1510547255915_size":["one"],"1510547279585_data":["{\"id\":\"1510547279585\",\"shortcode\":\"ppb_client_column\",\"ppb_client_column_title\":\"Client%20Logo\",\"ppb_client_column_slug\":\"\",\"ppb_client_column_image1\":\"http:\/\/themes.themegoods.com\/photography\/demo4\/wp-content\/uploads\/2017\/11\/s-weebly.png\",\"ppb_client_column_image2\":\"http:\/\/themes.themegoods.com\/photography\/demo4\/wp-content\/uploads\/2017\/11\/s-squarespace.png\",\"ppb_client_column_image3\":\"http:\/\/themes.themegoods.com\/photography\/demo4\/wp-content\/uploads\/2017\/11\/s-moo.png\",\"ppb_client_column_image4\":\"http:\/\/themes.themegoods.com\/photography\/demo4\/wp-content\/uploads\/2017\/11\/s-lyft.png\",\"ppb_client_column_image5\":\"http:\/\/themes.themegoods.com\/photography\/demo4\/wp-content\/uploads\/2017\/11\/s-mailchimp.png\",\"ppb_client_column_custom_css\":\"\"}"],"1510547279585_size":["one"],"1510547613819_data":["{\"id\":1510547613819,\"shortcode\":\"ppb_divider\",\"ppb_text_title\":\"Paragraph Break\",\"ppb_text_content\":\"\",\"ppb_header_content\":\"\"}"],"1510547613819_size":["one"],"1510547628151_data":["{\"id\":1510547613819,\"shortcode\":\"ppb_divider\",\"ppb_text_title\":\"Paragraph Break\",\"ppb_text_content\":\"\",\"ppb_header_content\":\"\"}"],"1510547628151_size":["one"],"1510547559716_data":["{\"id\":\"1510547559716\",\"shortcode\":\"ppb_image_parallax\",\"ppb_image_parallax_title\":\"Parallax%20Image\",\"ppb_image_parallax_slug\":\"\",\"ppb_image_parallax_image\":\"http:\/\/themes.themegoods.com\/photography\/demo4\/wp-content\/uploads\/2017\/11\/female-artist-painting-a-picture-with-watercolour-PKT2JGK.jpg\",\"ppb_image_parallax_height\":\"700\",\"ppb_image_parallax_display_gradient\":\"0\",\"ppb_image_parallax_custom_css\":\"\"}"],"1510547559716_size":["one"],"1510547333473_data":["{\"id\":\"1510547333473\",\"shortcode\":\"ppb_contact_sidebar\",\"ppb_contact_sidebar_title\":\"Contact\",\"ppb_contact_sidebar_slug\":\"\",\"ppb_contact_sidebar_subtitle\":\"\",\"ppb_contact_sidebar_sidebar\":\"Contact%20Sidebar\",\"ppb_contact_sidebar_sidebar_layout\":\"right\",\"ppb_contact_sidebar_padding\":\"60\",\"ppb_contact_sidebar_custom_css\":\"\",\"ppb_contact_sidebar_content\":\"Meh%20synth%20Schlitz,%20tempor%20duis%20single-origin%20coffee%20ea%20next%20level%20ethnic%20fingerstache%20fanny%20pack%20nostrud.%20Photo%20booth%20anim%208-bit%20hella,%20PBR%203%20wolf%20moon%20beard%20Helvetica.%20\"}"],"1510547333473_size":["one"]}