{"ppb_form_data_order":["1510131630630"],"1510131630630_data":["{\"id\":\"1510131630630\",\"shortcode\":\"ppb_image_half_fullwidth\",\"ppb_image_half_fullwidth_title\":\"John%20Mcconnor\",\"ppb_image_half_fullwidth_slug\":\"\",\"ppb_image_half_fullwidth_subtitle\":\"\",\"ppb_image_half_fullwidth_image\":\"http:\/\/themes.themegoods.com\/photography\/demo4\/wp-content\/uploads\/2017\/10\/photographer-working-checking-photo-concept-PX5A94M.jpg\",\"ppb_image_half_fullwidth_height\":\"850\",\"ppb_image_half_fullwidth_align\":\"left\",\"ppb_image_half_fullwidth_padding\":\"130\",\"ppb_image_half_fullwidth_bgcolor\":\"\",\"ppb_image_half_fullwidth_fontcolor\":\"\",\"ppb_image_half_fullwidth_custom_css\":\"\",\"ppb_image_half_fullwidth_content\":\"%3Ch4%3ESinger%20&%20Photographer.%20I%20capture%20%3Cspan%20style=%22color:#9013FE;%22%3Ehappiness%3C\/span%3E%3C\/h4%3E%0A%0A%3Cdiv%20style=%22margin-top:80px;%22%3E%0A%3Cspan%20style=%22text-transform:uppercase;font-size:13px;%22%3EWhat%20I%20do%3C\/span%3E%0A%3C\/div%3E%0A%0A%3Cdiv%20style=%22margin-top:20px;%22%3E%0A%5Bone_half%5D%0A%3Cstrong%3EGraphic%20Design%3C\/strong%3E%0A%3Cstrong%3ESocial%20Marketing%3C\/strong%3E%0A%3Cstrong%3EVideo%20Editing%3C\/strong%3E%0A%3Cstrong%3EPhotography%20Shooting%3C\/strong%3E%0A%5B\/one_half%5D%0A%5Bone_half_last%5D%0A%3Cstrong%3EWeb%20Development%3C\/strong%3E%0A%3Cstrong%3EAudio%20Engineering%3C\/strong%3E%0A%3Cstrong%3EBranding%3C\/strong%3E%0A%3Cstrong%3ESEO%20Audits%3C\/strong%3E%0A%5B\/one_half_last%5D%0A%3C\/div%3E\"}"],"1510131630630_size":["one"]}