{"ppb_form_data_order":["1510215039890,1510217145218,1510217196192,1510217230562,1510217293912,1510217401330,1510217347497,1510639787602,1510639790380,1510217431491,1510217463288,1510217495336"],"1510215039890_data":["{\"id\":\"1510215039890\",\"shortcode\":\"ppb_image_half_fullwidth\",\"ppb_image_half_fullwidth_title\":\"We%20are%20Creative%20Agency\",\"ppb_image_half_fullwidth_slug\":\"\",\"ppb_image_half_fullwidth_subtitle\":\"\",\"ppb_image_half_fullwidth_image\":\"http:\/\/themes.themegoods.com\/photography\/demo4\/wp-content\/uploads\/2017\/11\/closeup-of-hand-coloring-artwork-PZ4NQ2G.jpg\",\"ppb_image_half_fullwidth_height\":\"850\",\"ppb_image_half_fullwidth_align\":\"right\",\"ppb_image_half_fullwidth_padding\":\"130\",\"ppb_image_half_fullwidth_bgcolor\":\"\",\"ppb_image_half_fullwidth_fontcolor\":\"\",\"ppb_image_half_fullwidth_custom_css\":\"\",\"ppb_image_half_fullwidth_content\":\"Sed%20ut%20perspiciatis%20unde%20omnis%20iste%20natus%20error%20sit%20voluptatem%20accusantium%20doloremque%20laudantium,%20totam%20rem%20aperiam,%20eaque%20ipsa%20quae%20ab%20illo%20inventore%20veritatis%20et%20quasi%20architecto%20beatae%20vitae%20dicta%20sunt%20explicabo.%20Nemo%20enim%20ipsam%20voluptatem%20quia%20voluptas%20sit%20aspernatur%20aut%20odit%20aut%20fugit.%20Vivamus%20at%20nibh%20tincidunt,%20bibendum%20ligula%20id.%0A%3Cdiv%20style=%22margin-top:20px;%22%3E%0A%5Btg_social_icons%20style=%22dark%22%20size=%22%22%5D%0A%3C\/div%3E\"}"],"1510215039890_size":["one"],"1510217145218_data":["{\"id\":\"1510217145218\",\"shortcode\":\"ppb_text\",\"ppb_text_title\":\"Our%20vintage%20cameras...\",\"ppb_text_slug\":\"\",\"ppb_text_width\":\"100%25\",\"ppb_text_padding\":\"60\",\"ppb_text_bgcolor\":\"\",\"ppb_text_fontcolor\":\"\",\"ppb_text_custom_css\":\"padding-bottom:0%20!important;\",\"ppb_text_content\":\"%3Ch2%3EOur%20vintage%20cameras%20were%20good%20enough%20for%20Andy%20Warhol%20and%20now%3C\/h2%3E\"}"],"1510217145218_size":["one_half"],"1510217196192_data":["{\"id\":\"1510217196192\",\"shortcode\":\"ppb_text\",\"ppb_text_title\":\"Blank%20Space\",\"ppb_text_slug\":\"\",\"ppb_text_width\":\"100%25\",\"ppb_text_padding\":\"60\",\"ppb_text_bgcolor\":\"\",\"ppb_text_fontcolor\":\"\",\"ppb_text_custom_css\":\"padding-bottom:0%20!important;\",\"ppb_text_content\":\"\"}"],"1510217196192_size":["one_half last"],"1510217230562_data":["{\"id\":\"1510217230562\",\"shortcode\":\"ppb_text\",\"ppb_text_title\":\"Text%20Contained%20Content\",\"ppb_text_slug\":\"\",\"ppb_text_width\":\"100%25\",\"ppb_text_padding\":\"60\",\"ppb_text_bgcolor\":\"\",\"ppb_text_fontcolor\":\"\",\"ppb_text_custom_css\":\"padding-top:%200%20!important;\",\"ppb_text_content\":\"Vivamus%20at%20nibh%20tincidunt,%20bibendum%20ligula%20id.%20Nemo%20enim%20ipsam%20voluptatem%20quiatotam%20rem%20aperiam,%20eaque%20ipsa%20quae%20ab%20illo%20inventore%20veritatis%20et%20quasi%20architecto%20beatae%20vitae%20dicta%20sunt%20explicabo.%20Nemo%20enim%20ipsam%20voluptatem%20quia%20voluptas%20sit%20aspernatur%20aut%20odit%20aut%20fugit.\"}"],"1510217230562_size":["one_half"],"1510217293912_data":["{\"id\":\"1510217293912\",\"shortcode\":\"ppb_text\",\"ppb_text_title\":\"Text%20Contained%20Content\",\"ppb_text_slug\":\"\",\"ppb_text_width\":\"100%25\",\"ppb_text_padding\":\"60\",\"ppb_text_bgcolor\":\"\",\"ppb_text_fontcolor\":\"\",\"ppb_text_custom_css\":\"padding-top:%200%20!important;\",\"ppb_text_content\":\"Sed%20ut%20perspiciatis%20unde%20omnis%20iste%20natus%20error%20sit%20voluptatem%20accusantium%20doloremque%20laudantium,%20totam%20rem%20aperiam,%20eaque%20ipsa%20quae%20ab%20illo%20inventore%20veritatis%20et%20quasi%20architecto%20beatae%20vitae%20dicta%20sunt%20explicabo.%20Nemo%20enim%20ipsam%20voluptatem%20quia%20voluptas%20sit.\"}"],"1510217293912_size":["one_half last"],"1510217401330_data":["{\"id\":1510217401330,\"shortcode\":\"ppb_divider\",\"ppb_text_title\":\"Paragraph Break\",\"ppb_text_content\":\"\",\"ppb_header_content\":\"\"}"],"1510217401330_size":["one"],"1510217347497_data":["{\"id\":\"1510217347497\",\"shortcode\":\"ppb_text_image\",\"ppb_text_image_title\":\"Animated%20Countes\",\"ppb_text_image_slug\":\"\",\"ppb_text_image_background\":\"http:\/\/themes.themegoods.com\/photography\/demo4\/wp-content\/uploads\/2017\/10\/w_65-1.jpg\",\"ppb_text_image_background_position\":\"top\",\"ppb_text_image_padding\":\"250\",\"ppb_text_image_fontcolor\":\"#ffffff\",\"ppb_text_image_display_gradient\":\"0\",\"ppb_text_image_custom_css\":\"\",\"ppb_text_image_content\":\"%5Bone_fourth%5D%0A%5Btg_animate_counter%20start%20=%220%22%20end=%2230%22%20fontsize=%2280%22%20fontcolor=%22#ffffff%22%20count_subject=%22Demos%22%5D%5B\/tg_animate_counter%5D%0A%5B\/one_fourth%5D%0A%5Bone_fourth%5D%0A%5Btg_animate_counter%20start%20=%220%22%20end=%2295%22%20fontsize=%2280%22%20fontcolor=%22#ffffff%22%20count_subject=%22Gallery%20Layouts%22%5D%5B\/tg_animate_counter%5D%0A%5B\/one_fourth%5D%0A%5Bone_fourth%5D%0A%5Btg_animate_counter%20start%20=%220%22%20end=%22450%22%20fontsize=%2280%22%20fontcolor=%22#ffffff%22%20count_subject=%22Custom%20Designs%22%5D%5B\/tg_animate_counter%5D%0A%5B\/one_fourth%5D%0A%5Bone_fourth_last%5D%0A%5Btg_animate_counter%20start%20=%220%22%20end=%227700%22%20fontsize=%2280%22%20fontcolor=%22#ffffff%22%20count_subject=%22Customers%22%5D%5B\/tg_animate_counter%5D%0A%5B\/one_fourth_last%5D\"}"],"1510217347497_size":["one"],"1510639787602_data":["{\"id\":1510639787602,\"shortcode\":\"ppb_divider\",\"ppb_text_title\":\"Paragraph Break\",\"ppb_text_content\":\"\",\"ppb_header_content\":\"\"}"],"1510639787602_size":["one"],"1510639790380_data":["{\"id\":1510639790380,\"shortcode\":\"ppb_divider\",\"ppb_text_title\":\"Paragraph Break\",\"ppb_text_content\":\"\",\"ppb_header_content\":\"\"}"],"1510639790380_size":["one"],"1510217431491_data":["{\"id\":\"1510217431491\",\"shortcode\":\"ppb_client_column\",\"ppb_client_column_title\":\"Client%20Logo\",\"ppb_client_column_slug\":\"\",\"ppb_client_column_image1\":\"http:\/\/themes.themegoods.com\/photography\/demo4\/wp-content\/uploads\/2017\/11\/s-automattic.png\",\"ppb_client_column_image2\":\"http:\/\/themes.themegoods.com\/photography\/demo4\/wp-content\/uploads\/2017\/11\/s-commondesk.png\",\"ppb_client_column_image3\":\"http:\/\/themes.themegoods.com\/photography\/demo4\/wp-content\/uploads\/2017\/11\/s-dan.png\",\"ppb_client_column_image4\":\"http:\/\/themes.themegoods.com\/photography\/demo4\/wp-content\/uploads\/2017\/11\/s-flywheel.png\",\"ppb_client_column_image5\":\"http:\/\/themes.themegoods.com\/photography\/demo4\/wp-content\/uploads\/2017\/11\/s-lemieux.png\",\"ppb_client_column_custom_css\":\"\"}"],"1510217431491_size":["one"],"1510217463288_data":["{\"id\":\"1510217463288\",\"shortcode\":\"ppb_client_column\",\"ppb_client_column_title\":\"Client%20Logo\",\"ppb_client_column_slug\":\"\",\"ppb_client_column_image1\":\"http:\/\/themes.themegoods.com\/photography\/demo4\/wp-content\/uploads\/2017\/11\/s-weebly.png\",\"ppb_client_column_image2\":\"http:\/\/themes.themegoods.com\/photography\/demo4\/wp-content\/uploads\/2017\/11\/s-squarespace.png\",\"ppb_client_column_image3\":\"http:\/\/themes.themegoods.com\/photography\/demo4\/wp-content\/uploads\/2017\/11\/s-moo.png\",\"ppb_client_column_image4\":\"http:\/\/themes.themegoods.com\/photography\/demo4\/wp-content\/uploads\/2017\/11\/s-lyft.png\",\"ppb_client_column_image5\":\"http:\/\/themes.themegoods.com\/photography\/demo4\/wp-content\/uploads\/2017\/11\/s-mailchimp.png\",\"ppb_client_column_custom_css\":\"\"}"],"1510217463288_size":["one"],"1510217495336_data":["{\"id\":1510217401330,\"shortcode\":\"ppb_divider\",\"ppb_text_title\":\"Paragraph Break\",\"ppb_text_content\":\"\",\"ppb_header_content\":\"\"}"],"1510217495336_size":["one"]}