{"ppb_form_data_order":["1510217896663,1510218167000,1510218270693"],"1510217896663_data":["{\"id\":\"1510217896663\",\"shortcode\":\"ppb_header\",\"ppb_header_title\":\"Let%E2%80%99s%20Work%20Together\",\"ppb_header_slug\":\"\",\"ppb_header_subtitle\":\"\",\"ppb_header_width\":\"100\",\"ppb_header_textalign\":\"left\",\"ppb_header_padding\":\"150\",\"ppb_header_bgcolor\":\"\",\"ppb_header_fontcolor\":\"\",\"ppb_header_custom_css\":\"\",\"ppb_header_content\":\"\"}"],"1510217896663_size":["one_half"],"1510218167000_data":["{\"id\":\"1510218167000\",\"shortcode\":\"ppb_text\",\"ppb_text_title\":\"Contact%20Info\",\"ppb_text_slug\":\"\",\"ppb_text_width\":\"100%25\",\"ppb_text_padding\":\"170\",\"ppb_text_bgcolor\":\"\",\"ppb_text_fontcolor\":\"\",\"ppb_text_custom_css\":\"\",\"ppb_text_content\":\"%5Bone_half%5D%0A%3Cdiv%3E%0A%09%3Cspan%20style=%22text-transform:uppercase;font-size:13px;%22%3EWrite%20Us%3C\/span%3E%0A%09%3Ca%20href=%22mailto:sarahconnor@photography.com%22%3E%3Cstrong%3Esarahconnor@photography.com%3C\/strong%3E%3C\/a%3E%0A%3C\/div%3E%0A%0A%3Cdiv%20style=%22margin-top:20px;%22%3E%0A%09%3Cspan%20style=%22text-transform:uppercase;font-size:13px;%22%3ECall%20Us%3C\/span%3E%0A%09%3Ca%20href=%22tel:+453%20567%20788%2034%22%3E%3Cstrong%3E+453%20567%20788%2034%3C\/strong%3E%3C\/a%3E%0A%3C\/div%3E%0A%5B\/one_half%5D%0A%5Bone_half_last%5D%0A%3Cdiv%3E%0A%09%3Cspan%20style=%22text-transform:uppercase;font-size:13px;%22%3EVisit%20Us%3C\/span%3E%0A%09%3Cstrong%3E732\/21%20Second%20Street,%20Manchester,%3Cbr\/%3EKing%20Street,Kingston%20United%20Kingdom%3C\/strong%3E%0A%3C\/div%3E%0A%5B\/one_half_last%5D\"}"],"1510218167000_size":["one_half last"],"1510218270693_data":["{\"id\":\"1510218270693\",\"shortcode\":\"ppb_image_fullwidth\",\"ppb_image_fullwidth_title\":\"Fullwidth%20Image\",\"ppb_image_fullwidth_slug\":\"\",\"ppb_image_fullwidth_image\":\"http:\/\/themes.themegoods.com\/photography\/demo4\/wp-content\/uploads\/2017\/11\/photographer-working-checking-photo-concept-PELNJML.jpg\",\"ppb_image_fullwidth_height\":\"700\",\"ppb_image_fullwidth_background_position\":\"top\",\"ppb_image_fullwidth_display_caption\":\"0\",\"ppb_image_fullwidth_display_gradient\":\"0\",\"ppb_image_fullwidth_padding\":\"0\",\"ppb_image_fullwidth_custom_css\":\"\"}"],"1510218270693_size":["one"]}