{"ppb_form_data_order":["1510218582766,1510226296088"],"1510218582766_data":["{\"id\":\"1510218582766\",\"shortcode\":\"ppb_image_half_fullwidth\",\"ppb_image_half_fullwidth_title\":\"Let%E2%80%99s%20Go%20Beyond\",\"ppb_image_half_fullwidth_slug\":\"\",\"ppb_image_half_fullwidth_subtitle\":\"\",\"ppb_image_half_fullwidth_image\":\"http:\/\/themes.themegoods.com\/photography\/demo4\/wp-content\/uploads\/2017\/11\/photographer-camera-dslr-shooting-journalist-P845VD7.jpg\",\"ppb_image_half_fullwidth_height\":\"850\",\"ppb_image_half_fullwidth_align\":\"right\",\"ppb_image_half_fullwidth_padding\":\"150\",\"ppb_image_half_fullwidth_bgcolor\":\"\",\"ppb_image_half_fullwidth_fontcolor\":\"\",\"ppb_image_half_fullwidth_custom_css\":\"\",\"ppb_image_half_fullwidth_content\":\"This%20time%20I%20study%20photography%20in%20Prague.%20Thanks%20to%20that,%20I%20have%20opportunity%20to%20explore%20the%20Czech%20Republic%20and%20whole%20Europe.%20You%20can%20track%20my%20steps%20and%20experiences%20on%20my%20Instagram%20and%20Facebook%20pages.%0A%0A%3Cdiv%20style=%22margin-top:20px;%22%3E%0A%09%3Cspan%20style=%22text-transform:uppercase;font-size:13px;%22%3EWrite%20Me%3C\/span%3E%0A%09%3Ca%20href=%22john@photography.com%22%3E%3Cstrong%3Ejohn@photography.com%3C\/strong%3E%3C\/a%3E%0A%3C\/div%3E%0A%0A%3Cdiv%20style=%22margin-top:20px;%22%3E%0A%09%3Cspan%20style=%22text-transform:uppercase;font-size:13px;%22%3ECall%20Me%3C\/span%3E%0A%09%3Ca%20href=%22tel:+453%20567%20788%2034%22%3E%3Cstrong%3E+453%20567%20788%2034%3C\/strong%3E%3C\/a%3E%0A%3C\/div%3E\"}"],"1510218582766_size":["one"],"1510226296088_data":["{\"id\":\"1510226296088\",\"shortcode\":\"ppb_map\",\"ppb_map_title\":\"Map\",\"ppb_map_slug\":\"\",\"ppb_map_type\":\"\",\"ppb_map_height\":\"700\",\"ppb_map_lat\":\"51.508823\",\"ppb_map_long\":\"-0.127802\",\"ppb_map_zoom\":\"14\",\"ppb_map_popup\":\"\",\"ppb_map_marker\":\"\"}"],"1510226296088_size":["one"]}