{"ppb_form_data_order":["1443443015677,1443422721267,1443422784144,1443422870061,1443422936177,1443422971221,1443423008943,1443441756150,1443444804085,1443444821185,1443444834381"],"1443443015677_data":["{\"id\":\"1443443015677\",\"shortcode\":\"ppb_revslider\",\"ppb_revslider_title\":\"Cover%20Header\",\"ppb_revslider_slug\":\"\",\"ppb_revslider_slider_id\":\"service-slider\",\"ppb_revslider_display\":\"normal\"}"],"1443443015677_size":["one"],"1443422721267_data":["{\"id\":\"1443422721267\",\"shortcode\":\"ppb_text\",\"ppb_text_title\":\"Responsive%20Layout\",\"ppb_text_slug\":\"\",\"ppb_text_width\":\"100%25\",\"ppb_text_padding\":\"50\",\"ppb_text_bgcolor\":\"\",\"ppb_text_fontcolor\":\"\",\"ppb_text_custom_css\":\"margin-bottom:%200%20!important;\",\"ppb_text_content\":\"%3Ch5%3EResponsive%20Layout%3C\/h5%3E%0ASed%20ut%20perspiciatis%20unde%20omnis%20iste%20natus%20error%20sit%20voluptatem%20accusantium%20doloremque%20laudantium,%20totam%20rem%20aperiam,%20eaque%20ipsa%20quae%20ab%20illo%20inventore%20%20veritatis%20et%20quasi%20architecto%20beatae%20vitae%20dicta.\"}"],"1443422721267_size":["one_third"],"1443422784144_data":["{\"id\":\"1443422784144\",\"shortcode\":\"ppb_text\",\"ppb_text_title\":\"Theme%20Customizer\",\"ppb_text_slug\":\"\",\"ppb_text_width\":\"100%25\",\"ppb_text_padding\":\"50\",\"ppb_text_bgcolor\":\"\",\"ppb_text_fontcolor\":\"\",\"ppb_text_custom_css\":\"margin-bottom:%200%20!important;\",\"ppb_text_content\":\"%3Ch5%3ETheme%20Customizer%3C\/h5%3E%0ASed%20ut%20perspiciatis%20unde%20omnis%20iste%20natus%20error%20sit%20voluptatem%20accusantium%20doloremque%20laudantium,%20totam%20rem%20aperiam,%20eaque%20ipsa%20quae%20ab%20illo%20inventore%20%20veritatis%20et%20quasi%20architecto%20beatae%20vitae%20dicta.\"}"],"1443422784144_size":["one_third"],"1443422870061_data":["{\"id\":\"1443422870061\",\"shortcode\":\"ppb_text\",\"ppb_text_title\":\"Mobile%20Compatibility\",\"ppb_text_slug\":\"\",\"ppb_text_width\":\"100%25\",\"ppb_text_padding\":\"50\",\"ppb_text_bgcolor\":\"\",\"ppb_text_fontcolor\":\"\",\"ppb_text_custom_css\":\"margin-bottom:%200%20!important;\",\"ppb_text_content\":\"%3Ch5%3EMobile%20Compatibility%3C\/h5%3E%0ASed%20ut%20perspiciatis%20unde%20omnis%20iste%20natus%20error%20sit%20voluptatem%20accusantium%20doloremque%20laudantium,%20totam%20rem%20aperiam,%20eaque%20ipsa%20quae%20ab%20illo%20inventore%20%20veritatis%20et%20quasi%20architecto%20beatae%20vitae%20dicta.\"}"],"1443422870061_size":["one_third last"],"1443422936177_data":["{\"id\":\"1443422936177\",\"shortcode\":\"ppb_text\",\"ppb_text_title\":\"Awesome%20Support\",\"ppb_text_slug\":\"\",\"ppb_text_width\":\"100%25\",\"ppb_text_padding\":\"50\",\"ppb_text_bgcolor\":\"\",\"ppb_text_fontcolor\":\"\",\"ppb_text_custom_css\":\"padding-top:%200%20!important;\",\"ppb_text_content\":\"%3Ch5%3EAwesome%20Support%3C\/h5%3E%0ASed%20ut%20perspiciatis%20unde%20omnis%20iste%20natus%20error%20sit%20voluptatem%20accusantium%20doloremque%20laudantium,%20totam%20rem%20aperiam,%20eaque%20ipsa%20quae%20ab%20illo%20inventore%20%20veritatis%20et%20quasi%20architecto%20beatae%20vitae%20dicta.\"}"],"1443422936177_size":["one_third"],"1443422971221_data":["{\"id\":\"1443422971221\",\"shortcode\":\"ppb_text\",\"ppb_text_title\":\"Infinite%20Gallery\",\"ppb_text_slug\":\"\",\"ppb_text_width\":\"100%25\",\"ppb_text_padding\":\"50\",\"ppb_text_bgcolor\":\"\",\"ppb_text_fontcolor\":\"\",\"ppb_text_custom_css\":\"padding-top:%200%20!important;\",\"ppb_text_content\":\"%3Ch5%3EInfinite%20Gallery%3C\/h5%3E%0ASed%20ut%20perspiciatis%20unde%20omnis%20iste%20natus%20error%20sit%20voluptatem%20accusantium%20doloremque%20laudantium,%20totam%20rem%20aperiam,%20eaque%20ipsa%20quae%20ab%20illo%20inventore%20%20veritatis%20et%20quasi%20architecto%20beatae%20vitae%20dicta.\"}"],"1443422971221_size":["one_third"],"1443423008943_data":["{\"id\":\"1443423008943\",\"shortcode\":\"ppb_text\",\"ppb_text_title\":\"Easy%20To%20Use\",\"ppb_text_slug\":\"\",\"ppb_text_width\":\"100%25\",\"ppb_text_padding\":\"50\",\"ppb_text_bgcolor\":\"\",\"ppb_text_fontcolor\":\"\",\"ppb_text_custom_css\":\"padding-top:%200%20!important;\",\"ppb_text_content\":\"%3Ch5%3EEasy%20To%20Use%3C\/h5%3E%0ASed%20ut%20perspiciatis%20unde%20omnis%20iste%20natus%20error%20sit%20voluptatem%20accusantium%20doloremque%20laudantium,%20totam%20rem%20aperiam,%20eaque%20ipsa%20quae%20ab%20illo%20inventore%20%20veritatis%20et%20quasi%20architecto%20beatae%20vitae%20dicta.\"}"],"1443423008943_size":["one_third last"],"1443441756150_data":["{\"id\":\"1443441756150\",\"shortcode\":\"ppb_image_poppup\",\"ppb_image_poppup_title\":\"We%20hand-craft%20create%20design%20&%20layout%20for%20photographer\",\"ppb_image_poppup_slug\":\"\",\"ppb_image_poppup_subtitle\":\"\",\"ppb_image_poppup_layout\":\"wide\",\"ppb_image_poppup_background\":\"http:\/\/themes.themegoods.com\/photography\/demo1\/wp-content\/uploads\/2015\/07\/people-woman-coffee-meeting.jpg\",\"ppb_image_poppup_background_position\":\"center\",\"ppb_image_poppup_textalign\":\"center\",\"ppb_image_poppup_padding\":\"100\",\"ppb_image_poppup_bgcolor\":\"\",\"ppb_image_poppup_fontcolor\":\"\",\"ppb_image_poppup_custom_css\":\"\",\"ppb_image_poppup_content\":\"A%20gray%20cat%20slinks%20past%20a%20wooden%20house.%20%0AThere's%20something%20a%20little%20intimidating%20attempting%20to%20describe%0A%3Cp%3E%C2%A0%3C\/p%3E%0A%3Ca%20href=%22http:\/\/themes.themegoods.com\/photography\/demo1\/pages\/contact-us-2\/%22%20class=%22button%22%3EContact%20Us%3C\/a%3E\"}"],"1443441756150_size":["one"],"1443444804085_data":["{\"id\":\"1443444804085\",\"shortcode\":\"ppb_header\",\"ppb_header_title\":\"\",\"ppb_header_slug\":\"\",\"ppb_header_subtitle\":\"\",\"ppb_header_width\":\"100%25\",\"ppb_header_textalign\":\"left\",\"ppb_header_padding\":\"50\",\"ppb_header_bgcolor\":\"\",\"ppb_header_fontcolor\":\"\",\"ppb_header_custom_css\":\"\",\"ppb_header_content\":\"%3Cblockquote%3E%0A%3Cp%3EDesign%20is%20not%20just%20what%20it%20looks%20like%20and%20feels%20like.%20Design%20is%20how%20it%20works.%3C\/p%3E%0A%3C\/blockquote%3E\"}"],"1443444804085_size":["one_third"],"1443444821185_data":["{\"id\":\"1443444821185\",\"shortcode\":\"ppb_text\",\"ppb_text_title\":\"Text%20Content\",\"ppb_text_slug\":\"\",\"ppb_text_width\":\"100%25\",\"ppb_text_padding\":\"50\",\"ppb_text_bgcolor\":\"\",\"ppb_text_fontcolor\":\"\",\"ppb_text_custom_css\":\"\",\"ppb_text_content\":\"Sed%20ut%20perspiciatis%20unde%20omnis%20iste%20natus%20error%20sit%20voluptatem%20accusantium%20doloremque%20laudantium,%20totam%20rem%20aperiam,%20eaque%20ipsa%20quae%20ab%20illo%20inventore%20veritatis%20et%20quasi%20architecto%20beatae%20vitae%20dicta%20sunt%20explicabo.%20Nemo%20enim%20ipsam%20voluptatem%20quia%20voluptas%20sit%20aspernatur%20aut%20odit%20aut%20fugit.%20Vivamus%20at%20nibh%20tincidunt,%20bibendum%20ligula%20id.%20Nemo%20enim%20ipsam%20voluptatem%20quiatotam%20rem%20aperiam,%20eaque%20ipsa%20quae%20ab%20illo%20inventore%20veritatis%20et%20quasi%20architecto%20beatae%20vitae%20dicta%20sunt%20explicabo.%20Nemo%20enim%20ipsam%20voluptatem%20quia%20voluptas%20sit%20aspernatur%20aut%20odit%20aut%20fugit.\"}"],"1443444821185_size":["one_third"],"1443444834381_data":["{\"id\":\"1443444834381\",\"shortcode\":\"ppb_text\",\"ppb_text_title\":\"Text%20Content\",\"ppb_text_slug\":\"\",\"ppb_text_width\":\"100%25\",\"ppb_text_padding\":\"50\",\"ppb_text_bgcolor\":\"\",\"ppb_text_fontcolor\":\"\",\"ppb_text_custom_css\":\"\",\"ppb_text_content\":\"Sed%20ut%20perspiciatis%20unde%20omnis%20iste%20natus%20error%20sit%20voluptatem%20accusantium%20doloremque%20laudantium,%20totam%20rem%20aperiam,%20eaque%20ipsa%20quae%20ab%20illo%20inventore%20veritatis%20et%20quasi%20architecto%20beatae%20vitae%20dicta%20sunt%20explicabo.%20Nemo%20enim%20ipsam%20voluptatem%20quia%20voluptas%20sit%20aspernatur%20aut%20odit%20aut%20fugit.%20Vivamus%20at%20nibh%20tincidunt,%20bibendum%20ligula%20id.%20Nemo%20enim%20ipsam%20voluptatem%20quiatotam%20rem%20aperiam,%20eaque%20ipsa%20quae%20ab%20illo%20inventore%20veritatis%20et%20quasi%20architecto%20beatae%20vitae%20dicta%20sunt%20explicabo.%20Nemo%20enim%20ipsam%20voluptatem%20quia%20voluptas%20sit%20aspernatur%20aut%20odit%20aut%20fugit.\"}"],"1443444834381_size":["one_third last"]}