{"ppb_form_data_order":["1443514653233,1443515391869,1443515427626,1443514611348,1443514751010"],"1443514653233_data":["{\"id\":\"1443514653233\",\"shortcode\":\"ppb_header\",\"ppb_header_title\":\"We%20are%20creative%20photographers\",\"ppb_header_slug\":\"\",\"ppb_header_subtitle\":\"\",\"ppb_header_width\":\"100%25\",\"ppb_header_textalign\":\"center\",\"ppb_header_padding\":\"50\",\"ppb_header_bgcolor\":\"\",\"ppb_header_fontcolor\":\"\",\"ppb_header_custom_css\":\"\",\"ppb_header_content\":\"\"}"],"1443514653233_size":["one"],"1443515391869_data":["{\"id\":\"1443515391869\",\"shortcode\":\"ppb_text\",\"ppb_text_title\":\"Text%20Content\",\"ppb_text_slug\":\"\",\"ppb_text_width\":\"100%25\",\"ppb_text_padding\":\"50\",\"ppb_text_bgcolor\":\"\",\"ppb_text_fontcolor\":\"\",\"ppb_text_custom_css\":\"padding-top:0%20!important;\",\"ppb_text_content\":\"Sed%20ut%20perspiciatis%20unde%20omnis%20iste%20natus%20error%20sit%20voluptatem%20accusantium%20doloremque%20laudantium,%20totam%20rem%20aperiam,%20eaque%20ipsa%20quae%20ab%20illo%20inventore%20veritatis%20et%20quasi%20architecto%20beatae%20vitae%20dicta%20sunt%20explicabo.%20Nemo%20enim%20ipsam%20voluptatem%20quia%20voluptas%20sit%20aspernatur%20aut%20odit%20aut%20fugit.%20Vivamus%20at%20nibh%20tincidunt,%20bibendum%20ligula%20id.%20Nemo%20enim%20ipsam%20voluptatem%20quiatotam%20rem%20aperiam,%20eaque%20ipsa.\"}"],"1443515391869_size":["one_third"],"1443515427626_data":["{\"id\":\"1443515427626\",\"shortcode\":\"ppb_text\",\"ppb_text_title\":\"Text%20Content\",\"ppb_text_slug\":\"\",\"ppb_text_width\":\"100%25\",\"ppb_text_padding\":\"50\",\"ppb_text_bgcolor\":\"\",\"ppb_text_fontcolor\":\"\",\"ppb_text_custom_css\":\"padding-top:0%20!important;\",\"ppb_text_content\":\"%5Btg_animate_bar%20percent=%2290%22%20color=%22#222222%22%20height=%223%22%5DPHP%20&%20Wordpress%5B\/tg_animate_bar%5D%5Btg_animate_bar%20percent=%2280%22%20color=%22#222222%22%20height=%223%22%5DHTML%5B\/tg_animate_bar%5D%5Btg_animate_bar%20percent=%2270%22%20color=%22#222222%22%20height=%223%22%5DCSS%5B\/tg_animate_bar%5D%5Btg_animate_bar%20percent=%2265%22%20color=%22#222222%22%20height=%223%22%5DPhotoshop%5B\/tg_animate_bar%5D\"}"],"1443515427626_size":["two_third last"],"1443514611348_data":["{\"id\":\"1443514611348\",\"shortcode\":\"ppb_team_grid\",\"ppb_team_grid_title\":\"Team\",\"ppb_team_grid_slug\":\"\",\"ppb_team_grid_cat\":\"\",\"ppb_team_grid_columns\":\"3\",\"ppb_team_grid_order\":\"default\",\"ppb_team_grid_items\":\"6\",\"ppb_team_grid_padding\":\"0\",\"ppb_team_grid_bgcolor\":\"\",\"ppb_team_grid_fontcolor\":\"\",\"ppb_team_grid_custom_css\":\"\"}"],"1443514611348_size":["one"],"1443514751010_data":["{\"id\":\"1443514751010\",\"shortcode\":\"ppb_header\",\"ppb_header_title\":\"We%20are%20world%20class%20team%20building%20wonderful%20products\",\"ppb_header_slug\":\"\",\"ppb_header_subtitle\":\"\",\"ppb_header_width\":\"70%25\",\"ppb_header_textalign\":\"center\",\"ppb_header_padding\":\"50\",\"ppb_header_bgcolor\":\"\",\"ppb_header_fontcolor\":\"\",\"ppb_header_custom_css\":\"\",\"ppb_header_content\":\"A%20gray%20cat%20slinks%20past%20a%20wooden%20house.%20%0AThere%E2%80%99s%20something%20a%20little%20intimidating%20attempting%20to%20describe.%0A%3Cp%3E%C2%A0%3C\/p%3E%0A%3Cimg%20src=%22http:\/\/themes.themegoods.com\/photography\/demo1\/wp-content\/uploads\/2015\/09\/signature.png%22%20alt=%22%22%20\/%3E\"}"],"1443514751010_size":["one"]}