{"ppb_form_data_order":["1436076292407,1436076338049"],"1436076292407_data":["{\"id\":\"1436076292407\",\"shortcode\":\"ppb_map\",\"ppb_map_title\":\"Map\",\"ppb_map_slug\":\"\",\"ppb_map_type\":\"SATELLITE\",\"ppb_map_height\":\"500\",\"ppb_map_lat\":\"25.769411\",\"ppb_map_long\":\"-80.184988\",\"ppb_map_zoom\":\"18\",\"ppb_map_popup\":\"\",\"ppb_map_marker\":\"\"}"],"1436076292407_size":["one"],"1436076338049_data":["{\"id\":\"1436076338049\",\"shortcode\":\"ppb_contact_sidebar\",\"ppb_contact_sidebar_title\":\"\",\"ppb_contact_sidebar_slug\":\"\",\"ppb_contact_sidebar_subtitle\":\"\",\"ppb_contact_sidebar_sidebar\":\"Contact%20Sidebar\",\"ppb_contact_sidebar_padding\":\"50\",\"ppb_contact_sidebar_custom_css\":\"\",\"ppb_contact_sidebar_content\":\"\"}"],"1436076338049_size":["one"]}