{"ppb_form_data_order":["1442841698279,1442841740399,1442841759130,1442841289619,1442841874878,1435727004866"],"1442841698279_data":["{\"id\":\"1442841698279\",\"shortcode\":\"ppb_header\",\"ppb_header_title\":\"Travel%20&%20Lifestyle\",\"ppb_header_slug\":\"\",\"ppb_header_subtitle\":\"\",\"ppb_header_width\":\"70%25\",\"ppb_header_textalign\":\"center\",\"ppb_header_padding\":\"50\",\"ppb_header_bgcolor\":\"\",\"ppb_header_fontcolor\":\"\",\"ppb_header_custom_css\":\"text-align:center;padding-bottom:0%20!important;\",\"ppb_header_content\":\"Nemo%20enim%20ipsam%20voluptatem%20quiatotam%20rem%20aperiam,%20eaque%20ipsa%20quae%3Cbr\/%3Eab%20illo%20inventore%20veritatis%20et%20quasi%20architecto\"}"],"1442841698279_size":["one"],"1442841740399_data":["{\"id\":\"1442841740399\",\"shortcode\":\"ppb_text\",\"ppb_text_title\":\"Line%20Break\",\"ppb_text_slug\":\"\",\"ppb_text_width\":\"70%25\",\"ppb_text_padding\":\"30\",\"ppb_text_bgcolor\":\"\",\"ppb_text_fontcolor\":\"\",\"ppb_text_custom_css\":\"\",\"ppb_text_content\":\"%3Chr\/%3E\"}"],"1442841740399_size":["one"],"1442841759130_data":["{\"id\":\"1442841759130\",\"shortcode\":\"ppb_text\",\"ppb_text_title\":\"Text%20Content\",\"ppb_text_slug\":\"\",\"ppb_text_width\":\"70%25\",\"ppb_text_padding\":\"0\",\"ppb_text_bgcolor\":\"\",\"ppb_text_fontcolor\":\"\",\"ppb_text_custom_css\":\"padding-bottom:50px%20!important;\",\"ppb_text_content\":\"Sed%20ut%20perspiciatis%20unde%20omnis%20iste%20natus%20error%20sit%20voluptatem%20accusantium%20doloremque%20laudantium,%C2%A0totam%20rem%20aperiam,%20eaque%20ipsa%20quae%20ab%20illo%20inventore%20veritatis%20et%20quasi%20architecto%20beatae%20vitae%20dicta%20sunt%C2%A0explicabo.%20Nemo%20enim%20ipsam%20voluptatem%20quia%20voluptas%20sit%20aspernatur%20aut%20odit%20aut%20fugit.%20Vivamus%20at%20nibh%C2%A0bibendum%20ligula%20id.%0A%0ANemo%20enim%20ipsam%20voluptatem%20quiatotam%20rem%20aperiam,%20eaque%20ipsa%20quae%20ab%20illo%20inventore%C2%A0veritatis%20et%20quasi%20architecto%20beatae%20vitae%20dicta%20sunt%20explicabo.%20Nemo%20enim%20ipsam%20voluptatem%20quia%20voluptas%C2%A0sit%20aspernatur%20aut%20odit%20aut%20fugit.\"}"],"1442841759130_size":["one"],"1442841289619_data":["{\"id\":\"1442841289619\",\"shortcode\":\"ppb_four_images_block\",\"ppb_four_images_block_title\":\"Images\",\"ppb_four_images_block_slug\":\"\",\"ppb_four_images_block_image1\":\"http:\/\/themes.themegoods.com\/photography\/demo1\/wp-content\/uploads\/2013\/06\/photo-1416838375725-e834a83f62b7.jpg\",\"ppb_four_images_block_image2\":\"http:\/\/themes.themegoods.com\/photography\/demo1\/wp-content\/uploads\/2013\/06\/photo-1438109491414-7198515b166b.jpg\",\"ppb_four_images_block_image3\":\"http:\/\/themes.themegoods.com\/photography\/demo1\/wp-content\/uploads\/2011\/06\/photo-1413920346627-a4389f0abd61.jpg\",\"ppb_four_images_block_image4\":\"http:\/\/themes.themegoods.com\/photography\/demo1\/wp-content\/uploads\/2015\/07\/4575979c.jpg\",\"ppb_four_images_block_display_caption\":\"0\",\"ppb_four_images_block_padding\":\"0\",\"ppb_four_images_block_bgcolor\":\"\",\"ppb_four_images_block_custom_css\":\"\"}"],"1442841289619_size":["one"],"1442841874878_data":["{\"id\":\"1442841874878\",\"shortcode\":\"ppb_image_fixed_width\",\"ppb_image_fixed_width_title\":\"Image\",\"ppb_image_fixed_width_slug\":\"\",\"ppb_image_fixed_width_image\":\"http:\/\/themes.themegoods.com\/photography\/demo1\/wp-content\/uploads\/2012\/08\/bench-couple-love-people.jpg\",\"ppb_image_fixed_width_display_caption\":\"0\",\"ppb_image_fixed_width_padding\":\"0\",\"ppb_image_fixed_width_bgcolor\":\"\",\"ppb_image_fixed_width_custom_css\":\"\"}"],"1442841874878_size":["one"],"1435727004866_data":["{\"id\":\"1435727004866\",\"shortcode\":\"ppb_header\",\"ppb_header_title\":\"Lonely%20Path\",\"ppb_header_slug\":\"\",\"ppb_header_subtitle\":\"\",\"ppb_header_width\":\"60%25\",\"ppb_header_textalign\":\"center\",\"ppb_header_padding\":\"50\",\"ppb_header_bgcolor\":\"\",\"ppb_header_fontcolor\":\"\",\"ppb_header_custom_css\":\"text-align:center;padding-bottom:0%20!important;\",\"ppb_header_content\":\"A%20gray%20cat%20slinks%20past%20a%20wooden%20house.%20%3Cbr\/%3EThere's%20something%20a%20little%20intimidating%20attempting%20to%20describe.%0A%3Cbr\/%3E%3Cbr\/%3E%3Cbr\/%3E%3Cimg%20src=%22http:\/\/themes.themegoods.com\/photography\/demo1\/wp-content\/uploads\/2015\/09\/signature.png%22%20alt=%22%22\/%3E\"}"],"1435727004866_size":["one"]}