{"ppb_form_data_order":["1443769962409,1443769999499"],"1443769962409_data":["{\"id\":\"1443769962409\",\"shortcode\":\"ppb_animated_gallery_grid\",\"ppb_animated_gallery_grid_title\":\"Grid%20\",\"ppb_animated_gallery_grid_slug\":\"\",\"ppb_animated_gallery_grid_gallery_id\":\"4934\",\"ppb_animated_gallery_grid_rows\":\"3\"}"],"1443769962409_size":["one"],"1443769999499_data":["{\"id\":\"1443769999499\",\"shortcode\":\"ppb_header\",\"ppb_header_title\":\"We%20are%20world%20class%20team%20building%20wonderful%20products\",\"ppb_header_slug\":\"\",\"ppb_header_subtitle\":\"\",\"ppb_header_width\":\"70%25\",\"ppb_header_textalign\":\"center\",\"ppb_header_padding\":\"50\",\"ppb_header_bgcolor\":\"\",\"ppb_header_fontcolor\":\"\",\"ppb_header_custom_css\":\"\",\"ppb_header_content\":\"A%20gray%20cat%20slinks%20past%20a%20wooden%20house.%20%0AThere%E2%80%99s%20something%20a%20little%20intimidating%20attempting%20to%20describe.%0A%3Cp%3E%C2%A0%3C\/p%3E%0A%3Cimg%20src=%22http:\/\/themes.themegoods.com\/photography\/demo1\/wp-content\/uploads\/2015\/09\/signature.png%22%20alt=%22%22%20\/%3E\"}"],"1443769999499_size":["one"]}