{"ppb_form_data_order":["1443610854996,1443612521139,1443612583417,1443610991584,1443612975921,1443612630937,1443612716708"],"1443610854996_data":["{\"id\":\"1443610854996\",\"shortcode\":\"ppb_revslider\",\"ppb_revslider_title\":\"Slider\",\"ppb_revslider_slug\":\"\",\"ppb_revslider_slider_id\":\"about-me-header\",\"ppb_revslider_display\":\"normal\"}"],"1443610854996_size":["one"],"1443612521139_data":["{\"id\":\"1443612521139\",\"shortcode\":\"ppb_header\",\"ppb_header_title\":\"About%20Me\",\"ppb_header_slug\":\"\",\"ppb_header_subtitle\":\"\",\"ppb_header_width\":\"100%25\",\"ppb_header_textalign\":\"left\",\"ppb_header_padding\":\"50\",\"ppb_header_bgcolor\":\"\",\"ppb_header_fontcolor\":\"\",\"ppb_header_custom_css\":\"\",\"ppb_header_content\":\"A%20gray%20cat%20slinks%20past%20a%20wooden%20house.%20%0AThere's%20something%20a%20little%20intimidating%20attempting%20to%20describe\"}"],"1443612521139_size":["one_third"],"1443612583417_data":["{\"id\":\"1443612583417\",\"shortcode\":\"ppb_text\",\"ppb_text_title\":\"Text%20Content\",\"ppb_text_slug\":\"\",\"ppb_text_width\":\"100%25\",\"ppb_text_padding\":\"50\",\"ppb_text_bgcolor\":\"\",\"ppb_text_fontcolor\":\"\",\"ppb_text_custom_css\":\"\",\"ppb_text_content\":\"Sed%20ut%20perspiciatis%20unde%20omnis%20iste%20natus%20error%20sit%20voluptatem%20accusantium%20doloremque%20laudantium,%20totam%20rem%20aperiam,%20eaque%20ipsa%20quae%20ab%20illo%20inventore%20veritatis%20et%20quasi%20architecto%20beatae%20vitae%20dicta%20sunt%20explicabo.%20Nemo%20enim%20ipsam%20voluptatem%20quia%20voluptas%20sit%20aspernatur%20aut%20odit%20aut%20fugit.%20Vivamus%20at%20nibh%20tincidunt,%20bibendum%20ligula%20id.%20Nemo%20enim%20ipsam%20voluptatem%20quiatotam%20rem%20aperiam,%20eaque%20ipsa%20quae%20ab%20illo%20inventore%20veritatis%20et%20quasi%20architecto%20beatae%20vitae%20dicta%20sunt%20explicabo.%20Nemo%20enim%20ipsam%20voluptatem%20quia%20voluptas%20sit%20aspernatur%20aut%20odit%20aut%20fugitminim%20veniam,%20quis%20nostrud%20exercitation.%0A%0ALorem%20ipsum%20dolor%20sit%20amet,%20consectetur%20adipisicing%20elit,%20sed%20do%20eiusmod%20tempor%20incididunt%20ut%20labore%20et%20dolore%20magna%20aliqua.%20Ut%20enim%20ad%20minim%20veniam,%20quis%20nostrud%20exercitation%20ullamco%20laboris%20nisi%20ut%20aliquip%20ex%20ea%20commodo%20consequat%20incididunt%20ut%20labore%20et%20dolore%20magna%20aliqua.\"}"],"1443612583417_size":["two_third last"],"1443610991584_data":["{\"id\":\"1443610991584\",\"shortcode\":\"ppb_gallery_archive\",\"ppb_gallery_archive_title\":\"Gallery%20Archive\",\"ppb_gallery_archive_slug\":\"\",\"ppb_gallery_archive_cat\":\"gallery-archive\",\"ppb_gallery_archive_items\":\"9\",\"ppb_gallery_archive_layout\":\"contain\",\"ppb_gallery_archive_columns\":\"3\",\"ppb_gallery_archive_custom_css\":\"\"}"],"1443610991584_size":["one"],"1443612975921_data":["{\"id\":\"1443612975921\",\"shortcode\":\"ppb_header\",\"ppb_header_title\":\"We%20are%20world%20class%20team%20building%20wonderful%20products\",\"ppb_header_slug\":\"\",\"ppb_header_subtitle\":\"\",\"ppb_header_width\":\"70%25\",\"ppb_header_textalign\":\"center\",\"ppb_header_padding\":\"50\",\"ppb_header_bgcolor\":\"\",\"ppb_header_fontcolor\":\"\",\"ppb_header_custom_css\":\"\",\"ppb_header_content\":\"A%20gray%20cat%20slinks%20past%20a%20wooden%20house.%20%0AThere%E2%80%99s%20something%20a%20little%20intimidating%20attempting%20to%20describe.%0A%3Cp%3E%C2%A0%3C\/p%3E%0A%3Cimg%20src=%22http:\/\/themes.themegoods.com\/photography\/demo1\/wp-content\/uploads\/2015\/09\/signature.png%22%20alt=%22%22%20\/%3E\"}"],"1443612975921_size":["one"],"1443612630937_data":["{\"id\":\"1443612630937\",\"shortcode\":\"ppb_map\",\"ppb_map_title\":\"Map\",\"ppb_map_slug\":\"\",\"ppb_map_type\":\"SATELLITE\",\"ppb_map_height\":\"500\",\"ppb_map_lat\":\"25.769411\",\"ppb_map_long\":\"-80.184988\",\"ppb_map_zoom\":\"18\",\"ppb_map_popup\":\"\",\"ppb_map_marker\":\"http:\/\/themes.themegoods.com\/photography\/demo1\/wp-content\/uploads\/2015\/09\/marker.png\"}"],"1443612630937_size":["one"],"1443612716708_data":["{\"id\":\"1443612716708\",\"shortcode\":\"ppb_contact_sidebar\",\"ppb_contact_sidebar_title\":\"\",\"ppb_contact_sidebar_slug\":\"\",\"ppb_contact_sidebar_subtitle\":\"\",\"ppb_contact_sidebar_sidebar\":\"Contact%20Sidebar\",\"ppb_contact_sidebar_sidebar_layout\":\"left\",\"ppb_contact_sidebar_padding\":\"50\",\"ppb_contact_sidebar_custom_css\":\"padding-bottom:0%20!important;\",\"ppb_contact_sidebar_content\":\"\"}"],"1443612716708_size":["one"]}