{"ppb_form_data_order":["1443420962923,1436085935992,1443422721267,1443422784144,1443422870061,1443422936177,1443422971221,1443423008943,1443423252215,1443423281847,1443421387411,1436086369828,1436086347114"],"1443420962923_data":["{\"id\":\"1443420962923\",\"shortcode\":\"ppb_header\",\"ppb_header_title\":\"Join%20ThemeGoods%20Family\",\"ppb_header_slug\":\"\",\"ppb_header_subtitle\":\"\",\"ppb_header_width\":\"100%25\",\"ppb_header_textalign\":\"center\",\"ppb_header_padding\":\"50\",\"ppb_header_bgcolor\":\"\",\"ppb_header_fontcolor\":\"\",\"ppb_header_custom_css\":\"\",\"ppb_header_content\":\"Commissaire%20barthelemy,%20on%20your%20left%20bromont%20vande%20velde%20bahati%20koppenberg%20%0ARes%20firma%20mitescere%20nescit,%20virenque%20general%20classification%20\"}"],"1443420962923_size":["one"],"1436085935992_data":["{\"id\":\"1436085935992\",\"shortcode\":\"ppb_pricing\",\"ppb_pricing_title\":\"Pricing\",\"ppb_pricing_slug\":\"\",\"ppb_pricing_skin\":\"light\",\"ppb_pricing_cat\":\"\",\"ppb_pricing_columns\":\"3\",\"ppb_pricing_items\":\"3\",\"ppb_pricing_padding\":\"50\",\"ppb_pricing_highlightcolor\":\"#222222\",\"ppb_pricing_bgcolor\":\"#f0f0f0\",\"ppb_pricing_custom_css\":\"padding-top:85px%20!important;\"}"],"1436085935992_size":["one"],"1443422721267_data":["{\"id\":\"1443422721267\",\"shortcode\":\"ppb_text\",\"ppb_text_title\":\"Responsive%20Layout\",\"ppb_text_slug\":\"\",\"ppb_text_width\":\"100%25\",\"ppb_text_padding\":\"50\",\"ppb_text_bgcolor\":\"\",\"ppb_text_fontcolor\":\"\",\"ppb_text_custom_css\":\"margin-bottom:%200%20!important;\",\"ppb_text_content\":\"%3Ch5%3EResponsive%20Layout%3C\/h5%3E%0ASed%20ut%20perspiciatis%20unde%20omnis%20iste%20natus%20error%20sit%20voluptatem%20accusantium%20doloremque%20laudantium,%20totam%20rem%20aperiam,%20eaque%20ipsa%20quae%20ab%20illo%20inventore%20%20veritatis%20et%20quasi%20architecto%20beatae%20vitae%20dicta.\"}"],"1443422721267_size":["one_third"],"1443422784144_data":["{\"id\":\"1443422784144\",\"shortcode\":\"ppb_text\",\"ppb_text_title\":\"Theme%20Customizer\",\"ppb_text_slug\":\"\",\"ppb_text_width\":\"100%25\",\"ppb_text_padding\":\"50\",\"ppb_text_bgcolor\":\"\",\"ppb_text_fontcolor\":\"\",\"ppb_text_custom_css\":\"margin-bottom:%200%20!important;\",\"ppb_text_content\":\"%3Ch5%3ETheme%20Customizer%3C\/h5%3E%0ASed%20ut%20perspiciatis%20unde%20omnis%20iste%20natus%20error%20sit%20voluptatem%20accusantium%20doloremque%20laudantium,%20totam%20rem%20aperiam,%20eaque%20ipsa%20quae%20ab%20illo%20inventore%20%20veritatis%20et%20quasi%20architecto%20beatae%20vitae%20dicta.\"}"],"1443422784144_size":["one_third"],"1443422870061_data":["{\"id\":\"1443422870061\",\"shortcode\":\"ppb_text\",\"ppb_text_title\":\"Mobile%20Compatibility\",\"ppb_text_slug\":\"\",\"ppb_text_width\":\"100%25\",\"ppb_text_padding\":\"50\",\"ppb_text_bgcolor\":\"\",\"ppb_text_fontcolor\":\"\",\"ppb_text_custom_css\":\"margin-bottom:%200%20!important;\",\"ppb_text_content\":\"%3Ch5%3EMobile%20Compatibility%3C\/h5%3E%0ASed%20ut%20perspiciatis%20unde%20omnis%20iste%20natus%20error%20sit%20voluptatem%20accusantium%20doloremque%20laudantium,%20totam%20rem%20aperiam,%20eaque%20ipsa%20quae%20ab%20illo%20inventore%20%20veritatis%20et%20quasi%20architecto%20beatae%20vitae%20dicta.\"}"],"1443422870061_size":["one_third last"],"1443422936177_data":["{\"id\":\"1443422936177\",\"shortcode\":\"ppb_text\",\"ppb_text_title\":\"Awesome%20Support\",\"ppb_text_slug\":\"\",\"ppb_text_width\":\"100%25\",\"ppb_text_padding\":\"50\",\"ppb_text_bgcolor\":\"\",\"ppb_text_fontcolor\":\"\",\"ppb_text_custom_css\":\"padding-top:%200%20!important;\",\"ppb_text_content\":\"%3Ch5%3EAwesome%20Support%3C\/h5%3E%0ASed%20ut%20perspiciatis%20unde%20omnis%20iste%20natus%20error%20sit%20voluptatem%20accusantium%20doloremque%20laudantium,%20totam%20rem%20aperiam,%20eaque%20ipsa%20quae%20ab%20illo%20inventore%20%20veritatis%20et%20quasi%20architecto%20beatae%20vitae%20dicta.\"}"],"1443422936177_size":["one_third"],"1443422971221_data":["{\"id\":\"1443422971221\",\"shortcode\":\"ppb_text\",\"ppb_text_title\":\"Infinite%20Gallery\",\"ppb_text_slug\":\"\",\"ppb_text_width\":\"100%25\",\"ppb_text_padding\":\"50\",\"ppb_text_bgcolor\":\"\",\"ppb_text_fontcolor\":\"\",\"ppb_text_custom_css\":\"padding-top:%200%20!important;\",\"ppb_text_content\":\"%3Ch5%3EInfinite%20Gallery%3C\/h5%3E%0ASed%20ut%20perspiciatis%20unde%20omnis%20iste%20natus%20error%20sit%20voluptatem%20accusantium%20doloremque%20laudantium,%20totam%20rem%20aperiam,%20eaque%20ipsa%20quae%20ab%20illo%20inventore%20%20veritatis%20et%20quasi%20architecto%20beatae%20vitae%20dicta.\"}"],"1443422971221_size":["one_third"],"1443423008943_data":["{\"id\":\"1443423008943\",\"shortcode\":\"ppb_text\",\"ppb_text_title\":\"Easy%20To%20Use\",\"ppb_text_slug\":\"\",\"ppb_text_width\":\"100%25\",\"ppb_text_padding\":\"50\",\"ppb_text_bgcolor\":\"\",\"ppb_text_fontcolor\":\"\",\"ppb_text_custom_css\":\"padding-top:%200%20!important;\",\"ppb_text_content\":\"%3Ch5%3EEasy%20To%20Use%3C\/h5%3E%0ASed%20ut%20perspiciatis%20unde%20omnis%20iste%20natus%20error%20sit%20voluptatem%20accusantium%20doloremque%20laudantium,%20totam%20rem%20aperiam,%20eaque%20ipsa%20quae%20ab%20illo%20inventore%20%20veritatis%20et%20quasi%20architecto%20beatae%20vitae%20dicta.\"}"],"1443423008943_size":["one_third last"],"1443423252215_data":["{\"id\":\"1443423252215\",\"shortcode\":\"ppb_text\",\"ppb_text_title\":\"Line%20Break\",\"ppb_text_slug\":\"\",\"ppb_text_width\":\"100%25\",\"ppb_text_padding\":\"0\",\"ppb_text_bgcolor\":\"\",\"ppb_text_fontcolor\":\"\",\"ppb_text_custom_css\":\"\",\"ppb_text_content\":\"%3Chr\/%3E\"}"],"1443423252215_size":["one"],"1443423281847_data":["{\"id\":\"1443423281847\",\"shortcode\":\"ppb_testimonial_slider\",\"ppb_testimonial_slider_title\":\"Testimonials\",\"ppb_testimonial_slider_slug\":\"\",\"ppb_testimonial_slider_cat\":\"\",\"ppb_testimonial_slider_items\":\"3\",\"ppb_testimonial_slider_bgcolor\":\"\",\"ppb_testimonial_slider_fontcolor\":\"\",\"ppb_testimonial_slider_background\":\"\",\"ppb_testimonial_slider_custom_css\":\"\"}"],"1443423281847_size":["one"],"1443421387411_data":["{\"id\":\"1443421387411\",\"shortcode\":\"ppb_animated_gallery_grid\",\"ppb_animated_gallery_grid_title\":\"Animated%20Grid\",\"ppb_animated_gallery_grid_slug\":\"\",\"ppb_animated_gallery_grid_gallery_id\":\"4934\",\"ppb_animated_gallery_grid_rows\":\"2\"}"],"1443421387411_size":["one"],"1436086369828_data":["{\"id\":\"1436086369828\",\"shortcode\":\"ppb_header\",\"ppb_header_title\":\"Our%20Customers\",\"ppb_header_slug\":\"\",\"ppb_header_subtitle\":\"Testimonials\",\"ppb_header_width\":\"100%25\",\"ppb_header_textalign\":\"center\",\"ppb_header_padding\":\"50\",\"ppb_header_bgcolor\":\"\",\"ppb_header_fontcolor\":\"\",\"ppb_header_custom_css\":\"padding-bottom:%200%20!important;\",\"ppb_header_content\":\"\"}"],"1436086369828_size":["one"],"1436086347114_data":["{\"id\":\"1436086347114\",\"shortcode\":\"ppb_testimonial_column\",\"ppb_testimonial_column_title\":\"Tesimonials\",\"ppb_testimonial_column_slug\":\"\",\"ppb_testimonial_column_columns\":\"2\",\"ppb_testimonial_column_cat\":\"\",\"ppb_testimonial_column_items\":\"4\",\"ppb_testimonial_column_padding\":\"50\",\"ppb_testimonial_column_bgcolor\":\"\",\"ppb_testimonial_column_fontcolor\":\"\",\"ppb_testimonial_column_custom_css\":\"\"}"],"1436086347114_size":["one"]}