{"ppb_form_data_order":["1436245572297,1443692067675,1443692161996,1443692264945"],"1436245572297_data":["{\"id\":\"1436245572297\",\"shortcode\":\"ppb_header\",\"ppb_header_title\":\"We%20are%20world%20class%20team%20building%20wonderful%20products\",\"ppb_header_slug\":\"\",\"ppb_header_subtitle\":\"\",\"ppb_header_width\":\"70%25\",\"ppb_header_textalign\":\"center\",\"ppb_header_padding\":\"135\",\"ppb_header_bgcolor\":\"\",\"ppb_header_fontcolor\":\"\",\"ppb_header_custom_css\":\"\",\"ppb_header_content\":\"A%20gray%20cat%20slinks%20past%20a%20wooden%20house.%20%0AThere%E2%80%99s%20something%20a%20little%20intimidating%20attempting%20to%20describe.%0A%3Cp%3E%C2%A0%3C\/p%3E%0A%3Cimg%20src=%22http:\/\/themes.themegoods.com\/photography\/demo1\/wp-content\/uploads\/2015\/09\/signature.png%22%20alt=%22%22%20\/%3E\"}"],"1436245572297_size":["one"],"1443692067675_data":["{\"id\":\"1443692067675\",\"shortcode\":\"ppb_image_fixed_width\",\"ppb_image_fixed_width_title\":\"Cover%20Image\",\"ppb_image_fixed_width_slug\":\"\",\"ppb_image_fixed_width_image\":\"http:\/\/themes.themegoods.com\/photography\/demo1\/wp-content\/uploads\/2015\/07\/home9_cover.jpg\",\"ppb_image_fixed_width_display_caption\":\"1\",\"ppb_image_fixed_width_padding\":\"0\",\"ppb_image_fixed_width_bgcolor\":\"\",\"ppb_image_fixed_width_custom_css\":\"\"}"],"1443692067675_size":["one"],"1443692161996_data":["{\"id\":\"1443692161996\",\"shortcode\":\"ppb_three_cols_images\",\"ppb_three_cols_images_title\":\"Images\",\"ppb_three_cols_images_slug\":\"\",\"ppb_three_cols_images_image1\":\"http:\/\/themes.themegoods.com\/photography\/demo1\/wp-content\/uploads\/2013\/06\/photo-1438109491414-7198515b166b-960x636.jpg\",\"ppb_three_cols_images_image2\":\"http:\/\/themes.themegoods.com\/photography\/demo1\/wp-content\/uploads\/2013\/06\/photo-1416838375725-e834a83f62b7-960x636.jpg\",\"ppb_three_cols_images_image3\":\"http:\/\/themes.themegoods.com\/photography\/demo1\/wp-content\/uploads\/2015\/09\/28-960x636.jpg\",\"ppb_three_cols_images_display_caption\":\"0\",\"ppb_three_cols_images_padding\":\"40\",\"ppb_three_cols_images_bgcolor\":\"\",\"ppb_three_cols_images_custom_css\":\"\"}"],"1443692161996_size":["one"],"1443692264945_data":["{\"id\":\"1443692264945\",\"shortcode\":\"ppb_image_poppup\",\"ppb_image_poppup_title\":\"We%20hand-craft%20create%20design%20&%20layout%20for%20photographer\",\"ppb_image_poppup_slug\":\"\",\"ppb_image_poppup_subtitle\":\"\",\"ppb_image_poppup_layout\":\"contain\",\"ppb_image_poppup_background\":\"http:\/\/themes.themegoods.com\/photography\/demo1\/wp-content\/uploads\/2015\/07\/4575979c.jpg\",\"ppb_image_poppup_background_position\":\"center\",\"ppb_image_poppup_textalign\":\"center\",\"ppb_image_poppup_padding\":\"100\",\"ppb_image_poppup_bgcolor\":\"\",\"ppb_image_poppup_fontcolor\":\"\",\"ppb_image_poppup_custom_css\":\"\",\"ppb_image_poppup_content\":\"A%20gray%20cat%20slinks%20past%20a%20wooden%20house.%20%0AThere's%20something%20a%20little%20intimidating%20attempting%20to%20describe%0A%3Cp%3E%C2%A0%3C\/p%3E%0A%3Ca%20href=%22http:\/\/themes.themegoods.com\/photography\/demo1\/pages\/contact-us-2\/%22%20class=%22button%22%3EContact%20Us%3C\/a%3E\"}"],"1443692264945_size":["one"]}