{"ppb_form_data_order":["1443435562597,1436076338049"],"1443435562597_data":["{\"id\":\"1443435562597\",\"shortcode\":\"ppb_header\",\"ppb_header_title\":\"Contact%20Us\",\"ppb_header_slug\":\"\",\"ppb_header_subtitle\":\"\",\"ppb_header_width\":\"100%25\",\"ppb_header_textalign\":\"center\",\"ppb_header_padding\":\"50\",\"ppb_header_bgcolor\":\"\",\"ppb_header_fontcolor\":\"\",\"ppb_header_custom_css\":\"padding-top:60px%20!important;\",\"ppb_header_content\":\"A%20gray%20cat%20slinks%20past%20a%20wooden%20house.%20%3Cbr\/%3EThere's%20something%20a%20little%20intimidating%20attempting%20to%20describe.%0A%3Cbr\/%3E%3Cbr\/%3E%3Cbr\/%3E%3Cimg%20src=%22http:\/\/themes.themegoods.com\/photography\/demo1\/wp-content\/uploads\/2015\/09\/signature.png%22%20alt=%22%22\/%3E%0A\"}"],"1443435562597_size":["one"],"1436076338049_data":["{\"id\":\"1436076338049\",\"shortcode\":\"ppb_contact_sidebar\",\"ppb_contact_sidebar_title\":\"\",\"ppb_contact_sidebar_slug\":\"\",\"ppb_contact_sidebar_subtitle\":\"\",\"ppb_contact_sidebar_sidebar\":\"Contact%203%20Sidebar\",\"ppb_contact_sidebar_sidebar_layout\":\"left\",\"ppb_contact_sidebar_padding\":\"0\",\"ppb_contact_sidebar_custom_css\":\"\",\"ppb_contact_sidebar_content\":\"%5Btg_map%20width=%221200%22%20height=%22400%22%20lat=%2251.508823%22%20long=%22-0.127802%22%20zoom=%2214%22%20popup=%22%22%20marker=%22%22%5D%0A%3Cp%3E%C2%A0%3C\/p%3E\"}"],"1436076338049_size":["one"]}